base,predictor,r,p,n,sig
AllPunc,CRT2,-0.03322166390112037,0.6108381113151546,237,False
AllPunc,Core3,0.172576982833589,0.0077504901612146515,237,True
AllPunc,Core4,0.24433482777386412,0.00014507907187710778,237,True
AllPunc,CRT2+Core3,0.0872427786252107,0.18072110602276492,237,False
AllPunc,CRT2+Core4,0.145191825658363,0.02540162680767688,237,True
AllPunc,CRT2+BCRT(all),0.13713268846970542,0.03486290347574261,237,True
AllPunc,NFC,-0.10325419185511356,0.11287225361474418,237,False
Apostro,CRT2,0.02187115566036385,0.7376537094315601,237,False
Apostro,Core3,0.08113242625381595,0.21332784128031723,237,False
Apostro,Core4,0.13220126063332274,0.042013592734333916,237,True
Apostro,CRT2+Core3,0.06562395510950071,0.3144100897934412,237,False
Apostro,CRT2+Core4,0.10217172941524302,0.11671656373548922,237,False
Apostro,CRT2+BCRT(all),0.11631569268344957,0.073895278785016,237,False
Apostro,NFC,-0.10311461923884702,0.11336229725629954,237,False
Comma,CRT2,-0.07625403458364269,0.2422373752266065,237,False
Comma,Core3,0.16382380328053628,0.01154388898287384,237,True
Comma,Core4,0.21749228037563473,0.000748981292166162,237,True
Comma,CRT2+Core3,0.05346404178790984,0.41261357480104843,237,False
Comma,CRT2+Core4,0.10157673261204735,0.11887276193314467,237,False
Comma,CRT2+BCRT(all),0.09925390271400028,0.12758854827779453,237,False
Comma,NFC,-0.08452318841164656,0.1947482612078293,237,False
Conversation,CRT2,-0.030417167335526952,0.6412882323554885,237,False
Conversation,Core3,-0.028827091905603366,0.6588272723510444,237,False
Conversation,Core4,0.010767429305410128,0.8690298997696531,237,False
Conversation,CRT2+Core3,-0.03818235467045434,0.5586045941943438,237,False
Conversation,CRT2+Core4,-0.010759616263894786,0.8691240822516528,237,False
Conversation,CRT2+BCRT(all),-0.0426841867918439,0.5131513728537738,237,False
Conversation,NFC,-0.0905795482743569,0.16454690185208332,237,False
Culture,CRT2,0.15042614294403395,0.02051815719706629,237,True
Culture,Core3,0.0012232823744121846,0.9850543963710869,237,False
Culture,Core4,0.019312670347396036,0.7674054023058567,237,False
Culture,CRT2+Core3,0.09951691624882888,0.12657754436068758,237,False
Culture,CRT2+Core4,0.10217669351851733,0.11669870366505086,237,False
Culture,CRT2+BCRT(all),0.09284388696210315,0.15420464368465403,237,False
Culture,NFC,-0.05752160384748003,0.37800283206882535,237,False
Emoji,CRT2,,,237,False
Emoji,Core3,,,237,False
Emoji,Core4,,,237,False
Emoji,CRT2+Core3,,,237,False
Emoji,CRT2+Core4,,,237,False
Emoji,CRT2+BCRT(all),,,237,False
Emoji,NFC,,,237,False
Exclam,CRT2,-0.09722658111603527,0.13559209072886924,237,False
Exclam,Core3,-0.03609466407697884,0.5803232468516386,237,False
Exclam,Core4,-0.040882598779722855,0.531109050884651,237,False
Exclam,CRT2+Core3,-0.08663026137760671,0.18381340790562706,237,False
Exclam,CRT2+Core4,-0.08520558388524894,0.19115618625838082,237,False
Exclam,CRT2+BCRT(all),-0.0989316411013042,0.1288357922607466,237,False
Exclam,NFC,-0.0733346622080856,0.2607930882321825,237,False
Lifestyle,CRT2,0.027044282105404185,0.6787159484440533,237,False
Lifestyle,Core3,-0.016956725627954566,0.7951075580509976,237,False
Lifestyle,Core4,-0.006280120916574207,0.9233847495626761,237,False
Lifestyle,CRT2+Core3,0.007037765846830737,0.9141753401225645,237,False
Lifestyle,CRT2+Core4,0.011788881049267539,0.8567331710310162,237,False
Lifestyle,CRT2+BCRT(all),0.008657147397893816,0.8945311386081849,237,False
Lifestyle,NFC,-0.01601947019828666,0.8062021132260164,237,False
OtherP,CRT2,0.010195304986511394,0.8759313821526806,237,False
OtherP,Core3,0.12300038371010633,0.05865892647683735,237,False
OtherP,Core4,0.14824245817285536,0.022446596264532603,237,True
OtherP,CRT2+Core3,0.08441572283138885,0.19531840622492425,237,False
OtherP,CRT2+Core4,0.1060772280735389,0.10331229604613612,237,False
OtherP,CRT2+BCRT(all),0.06322062319239315,0.3324987184692674,237,False
OtherP,NFC,0.00014450273256760417,0.9982344188390209,237,False
Period,CRT2,0.0015727119804116692,0.9807859259213614,237,False
Period,Core3,0.032856198241648434,0.6147699853807518,237,False
Period,Core4,0.06434606865126852,0.3239465031591777,237,False
Period,CRT2+Core3,0.021794015990271153,0.7385453034238152,237,False
Period,CRT2+Core4,0.044353324436506844,0.4967988365438054,237,False
Period,CRT2+BCRT(all),0.05553568210961398,0.3947150557460273,237,False
Period,NFC,-0.023380616986587163,0.7202789992110783,237,False
QMark,CRT2,-0.06110774571696206,0.3489418974105334,237,False
QMark,Core3,0.16215685257134374,0.01242842409002698,237,True
QMark,Core4,0.23911541155878657,0.00020262739323095857,237,True
QMark,CRT2+Core3,0.062353153167600206,0.33918855515422575,237,False
QMark,CRT2+Core4,0.12514409106337301,0.054360478724621686,237,False
QMark,CRT2+BCRT(all),0.132335899464085,0.0418031255777751,237,True
QMark,NFC,-0.11964800425371162,0.06594019122703276,237,False
achieve,CRT2,0.10756361264618623,0.0985423126107956,237,False
achieve,Core3,0.010395538094289768,0.8735148947680886,237,False
achieve,Core4,-0.02126240992049127,0.7446991449564782,237,False
achieve,CRT2+Core3,0.07717664745891148,0.2365699284981404,237,False
achieve,CRT2+Core4,0.049395410935151624,0.449125137639808,237,False
achieve,CRT2+BCRT(all),0.05330742196418299,0.41398589144960196,237,False
achieve,NFC,0.03765430276793438,0.564060784910547,237,False
acquire,CRT2,-0.14897464513086728,0.02178323738369925,237,True
acquire,Core3,-0.010774098489667601,0.8689495074008897,237,False
acquire,Core4,-0.05959040599038652,0.36106149658201336,237,False
acquire,CRT2+Core3,-0.10459921855116407,0.10823442932296068,237,False
acquire,CRT2+Core4,-0.12849630356945693,0.04816436154770609,237,True
acquire,CRT2+BCRT(all),-0.09361638676516532,0.15079095928321595,237,False
acquire,NFC,-0.0013905400398970262,0.9830111935772103,237,False
adj,CRT2,0.004822299251077263,0.9411327044516051,237,False
adj,Core3,0.1501563069645073,0.020748401938621264,237,True
adj,Core4,0.17841556154819166,0.005882065624674748,237,True
adj,CRT2+Core3,0.09804840410690355,0.1323024314714889,237,False
adj,CRT2+Core4,0.12325420733632386,0.058135772674211994,237,False
adj,CRT2+BCRT(all),0.11535446098854223,0.07632959460149658,237,False
adj,NFC,-0.03040922918318257,0.6413753108641584,237,False
adverb,CRT2,0.044919638557519716,0.491314031338814,237,False
adverb,Core3,-0.027529790490249156,0.6732769180571987,237,False
adverb,Core4,-0.006662303546349193,0.9187378476015311,237,False
adverb,CRT2+Core3,0.01209059096969093,0.8531075037002751,237,False
adverb,CRT2+Core4,0.02212413016840147,0.7347322511313248,237,False
adverb,CRT2+BCRT(all),0.061279245144630574,0.3475883994395912,237,False
adverb,NFC,-0.08976630078851937,0.16838536322543396,237,False
affiliation,CRT2,0.11485645114030445,0.07761612782842198,237,False
affiliation,Core3,-0.20086245146457618,0.001885989765877616,237,True
affiliation,Core4,-0.19310337837701638,0.0028337537117832934,237,True
affiliation,CRT2+Core3,-0.05152884498976109,0.4297572717958009,237,False
affiliation,CRT2+Core4,-0.06224262561500678,0.3400470520741603,237,False
affiliation,CRT2+BCRT(all),-0.08054286827124969,0.2166838867304952,237,False
affiliation,NFC,0.011661790792957876,0.8582613269572561,237,False
allnone,CRT2,0.025392092199765313,0.6973484608922522,237,False
allnone,Core3,-0.09589338657696224,0.1410617381338941,237,False
allnone,Core4,-0.0687647161463634,0.2917589638683591,237,False
allnone,CRT2+Core3,-0.04392640260904549,0.5009549512989735,237,False
allnone,CRT2+Core4,-0.031355403637256814,0.6310309515162804,237,False
allnone,CRT2+BCRT(all),-0.02163300886804918,0.7404073770080237,237,False
allnone,NFC,-0.08445616124888942,0.19510372279391275,237,False
allure,CRT2,0.04985090742981794,0.44494919835141644,237,False
allure,Core3,-0.02437260080469581,0.7089377541620214,237,False
allure,Core4,-0.028823711986006945,0.6588647576552527,237,False
allure,CRT2+Core3,0.017322624010385805,0.790787332181577,237,False
allure,CRT2+Core4,0.010091737503633152,0.8771817254919407,237,False
allure,CRT2+BCRT(all),0.017947466941721286,0.7834245155393011,237,False
allure,NFC,-0.05179919459515721,0.4273378615066665,237,False
article,CRT2,-0.09299014268528168,0.15355389970861344,237,False
article,Core3,-0.03455065170671279,0.5966345595313514,237,False
article,Core4,-0.06033653532221346,0.3550694322655483,237,False
article,CRT2+Core3,-0.082873692011714,0.2036337528095158,237,False
article,CRT2+Core4,-0.09582271452038198,0.14135631738856813,237,False
article,CRT2+BCRT(all),-0.12005300159630479,0.06502304744694332,237,False
article,NFC,0.1492116038421085,0.02157221605405968,237,True
assent,CRT2,0.014534455073076392,0.8238594200413742,237,False
assent,Core3,-0.06161115599718895,0.34497835059663307,237,False
assent,Core4,-0.06269602003170607,0.3365342162490381,237,False
assent,CRT2+Core3,-0.02939091405420847,0.6525861351189453,237,False
assent,CRT2+Core4,-0.03369455718378289,0.6057669896907276,237,False
assent,CRT2+BCRT(all),-0.0491812101124319,0.451096517918848,237,False
assent,NFC,0.05283470756528208,0.41814409571394684,237,False
attention,CRT2,-0.02837494438579172,0.6638493868587103,237,False
attention,Core3,0.1386432850365727,0.032890669424102015,237,True
attention,Core4,0.16625263941325405,0.010354459812333294,237,True
attention,CRT2+Core3,0.06898179135931931,0.290234731793922,237,False
attention,CRT2+Core4,0.09537347349281533,0.14323986334000027,237,False
attention,CRT2+BCRT(all),0.1259482975746584,0.052816789466041625,237,False
attention,NFC,-0.06646654748798475,0.3082234999126028,237,False
auditory,CRT2,0.017463199178490957,0.7891292256121027,237,False
auditory,Core3,-0.024854857491338103,0.703447054831797,237,False
auditory,Core4,0.053252611727721,0.4144667767000181,237,False
auditory,CRT2+Core3,-0.004242309558602157,0.9482022502758918,237,False
auditory,CRT2+Core4,0.04628425034709251,0.47823147432951973,237,False
auditory,CRT2+BCRT(all),0.036625749712841785,0.5747611162146797,237,False
auditory,NFC,-0.1463881645430095,0.02420513805097868,237,True
auxverb,CRT2,0.04866161480989591,0.45589873259468594,237,False
auxverb,Core3,-0.18695272790427217,0.0038721528821519247,237,True
auxverb,Core4,-0.21234807234541395,0.0010041297056884169,237,True
auxverb,CRT2+Core3,-0.08619151375810953,0.18605224615297433,237,False
auxverb,CRT2+Core4,-0.11445697100304643,0.078660761050942,237,False
auxverb,CRT2+BCRT(all),-0.10469986741472859,0.1078934966498808,237,False
auxverb,NFC,0.03784621110112613,0.5620749102852447,237,False
bcrt4_total,CRT2,0.17032889416102528,0.008186051507917735,240,True
bcrt4_total,Core3,0.6412364699875985,0.0,240,True
bcrt4_total,Core4,0.5838224639709045,0.0,240,True
bcrt4_total,CRT2+Core3,0.5162920347077913,0.0,240,True
bcrt4_total,CRT2+Core4,0.49420693840401314,2.220446049250313e-16,240,True
bcrt4_total,CRT2+BCRT(all),0.4434089154779318,5.564437799421285e-13,240,True
bcrt4_total,NFC,-0.03429910896397521,0.5969851525776622,240,False
bcrt6_total,CRT2,0.29635773824259365,2.974447842696293e-06,240,True
bcrt6_total,Core3,0.8402002741517504,0.0,240,True
bcrt6_total,Core4,0.899953022597969,0.0,240,True
bcrt6_total,CRT2+Core3,0.7242122445229189,0.0,240,True
bcrt6_total,CRT2+Core4,0.7817297463950698,0.0,240,True
bcrt6_total,CRT2+BCRT(all),0.8876331898988442,0.0,240,True
bcrt6_total,NFC,-0.06660996175232922,0.30410443282486055,240,False
cause,CRT2,-0.06105294145656109,0.3493751208121374,237,False
cause,Core3,0.0795775946476579,0.22225988768353355,237,False
cause,Core4,0.04495292930273434,0.49099261597101185,237,False
cause,CRT2+Core3,0.010207767263617095,0.8757809489899124,237,False
cause,CRT2+Core4,-0.005846052896426568,0.9286656625526164,237,False
cause,CRT2+BCRT(all),-0.04136349499516981,0.5262848171815095,237,False
cause,NFC,0.057333584760080596,0.37956626199898613,237,False
certitude,CRT2,-0.00683926735638054,0.9165870949336254,237,False
certitude,Core3,-0.03141311832651218,0.6304022582371558,237,False
certitude,Core4,-0.036996611953977236,0.5708919456557489,237,False
certitude,CRT2+Core3,-0.024339256417931887,0.7093179541490442,237,False
certitude,CRT2+Core4,-0.029018684064787883,0.6567037970896616,237,False
certitude,CRT2+BCRT(all),0.005550792291450382,0.9322596301771968,237,False
certitude,NFC,-0.03801789526117843,0.560301165565859,237,False
combined10_total,CRT2,0.7029187357559681,0.0,240,True
combined10_total,Core3,0.7283155466450879,0.0,240,True
combined10_total,Core4,0.79010681845894,0.0,240,True
combined10_total,CRT2+Core3,0.9186526661837716,0.0,240,True
combined10_total,CRT2+Core4,0.9472191404448635,0.0,240,True
combined10_total,CRT2+BCRT(all),1.0,0.0,240,True
combined10_total,NFC,0.011907890158413263,0.8543903227929479,240,False
comm,CRT2,-0.00025456568485659244,0.9968896393666127,237,False
comm,Core3,0.07936287203304404,0.22351401318760789,237,False
comm,Core4,0.112937794170049,0.08273761980175065,237,False
comm,CRT2+Core3,0.049981841057672206,0.44375289775827653,237,False
comm,CRT2+Core4,0.07606059939167431,0.24343754761981695,237,False
comm,CRT2+BCRT(all),0.05490154927604491,0.4001436342720175,237,False
comm,NFC,-0.0928104874258412,0.15435354178666216,237,False
conflict,CRT2,0.10710954940279141,0.09998054866371486,237,False
conflict,Core3,-0.11280235927667463,0.08310918497413633,237,False
conflict,Core4,-0.12940133797975378,0.046596434661977826,237,True
conflict,CRT2+Core3,-0.0009694593585940047,0.9881552544509073,237,False
conflict,CRT2+Core4,-0.023846811601499207,0.714941249065979,237,False
conflict,CRT2+BCRT(all),-0.010347744854997263,0.8740915756555878,237,False
conflict,NFC,0.09950461346809358,0.126624696734581,237,False
conj,CRT2,0.0703543841769993,0.28072024676116514,237,False
conj,Core3,0.015686234282366648,0.8101562026606113,237,False
conj,Core4,-0.002885482265723456,0.9647556109265001,237,False
conj,CRT2+Core3,0.05609462896606126,0.3899670095213077,237,False
conj,CRT2+Core4,0.03974569741640343,0.5426021043937506,237,False
conj,CRT2+BCRT(all),0.06488058578624059,0.3199350477181442,237,False
conj,NFC,0.029108177592042803,0.655712854439777,237,False
curiosity,CRT2,0.014687798095995883,0.8220318526036985,237,False
curiosity,Core3,-0.06302850332139356,0.3339729777074565,237,False
curiosity,Core4,-0.0657983379194817,0.31312310216518613,237,False
curiosity,CRT2+Core3,-0.03018586907224749,0.6438274921223917,237,False
curiosity,CRT2+Core4,-0.03569715680817584,0.5845027212127043,237,False
curiosity,CRT2+BCRT(all),-0.023448616758299814,0.7194995762028398,237,False
curiosity,NFC,0.07320453900963847,0.26164230280773815,237,False
death,CRT2,0.016272066564531864,0.8032081419807429,237,False
death,Core3,-0.10939483779207912,0.09290781380959023,237,False
death,Core4,-0.09396413886460815,0.149273049976405,237,False
death,CRT2+Core3,-0.05844453256454518,0.3703857348402426,237,False
death,CRT2+Core4,-0.053764840901593995,0.40998547205003577,237,False
death,CRT2+BCRT(all),-0.04104651643156469,0.5294621684999812,237,False
death,NFC,-0.05622673146020216,0.38884990945819187,237,False
det,CRT2,-0.09800895965624806,0.1324589064554551,237,False
det,Core3,0.0269782775513218,0.6794566744423558,237,False
det,Core4,-0.019464894405782508,0.765625190917969,237,False
det,CRT2+Core3,-0.04728840534220711,0.4687267809646052,237,False
det,CRT2+Core4,-0.07121636763601938,0.2748539655578772,237,False
det,CRT2+BCRT(all),-0.043085422567338556,0.5091951986141696,237,False
det,NFC,0.009546624257217943,0.8837676847690852,237,False
differ,CRT2,0.06460725983070736,0.32198226021168397,237,False
differ,Core3,0.00023746150112305886,0.9970986225153118,237,False
differ,Core4,-0.046462192690037166,0.4765395922880291,237,False
differ,CRT2+Core3,0.04256006447002516,0.5143784291872073,237,False
differ,CRT2+Core4,0.006933919603317465,0.9154369744947499,237,False
differ,CRT2+BCRT(all),0.026226181523377672,0.6879185256648181,237,False
differ,NFC,-0.0033117001673738447,0.9595537693729228,237,False
discrep,CRT2,0.09752121275020366,0.13440557169926937,237,False
discrep,Core3,-0.18423485969125591,0.004431902007569377,237,True
discrep,Core4,-0.22197987724822224,0.0005767575084962839,237,True
discrep,CRT2+Core3,-0.05240130055742512,0.42197792198677764,237,False
discrep,CRT2+Core4,-0.09200182062378191,0.15799186371027107,237,False
discrep,CRT2+BCRT(all),-0.08801057307604311,0.17689931452543384,237,False
discrep,NFC,0.14549305009860994,0.02509567247429345,237,True
emo_anger,CRT2,0.10422884447107252,0.10949631452239128,237,False
emo_anger,Core3,-0.05652780595130295,0.38631117200393206,237,False
emo_anger,Core4,-0.09511254640313159,0.14434260912635088,237,False
emo_anger,CRT2+Core3,0.03269913379448384,0.6164631618176513,237,False
emo_anger,CRT2+Core4,-0.00241556105389596,0.9704925554663266,237,False
emo_anger,CRT2+BCRT(all),-0.028187802177611423,0.6659324357500389,237,False
emo_anger,NFC,0.04468877771685977,0.49354603122748797,237,False
emo_anx,CRT2,-0.14273629178293964,0.02801751408819597,237,True
emo_anx,Core3,0.06906212006674822,0.28967204179629524,237,False
emo_anx,Core4,0.13582322528231458,0.03665286224694686,237,True
emo_anx,CRT2+Core3,-0.05005613872209766,0.44307487519084865,237,False
emo_anx,CRT2+Core4,0.0070675274739540935,0.913813803762026,237,False
emo_anx,CRT2+BCRT(all),0.00026344768780727054,0.9967811169397491,237,False
emo_anx,NFC,-0.07608042606347414,0.24331434204186086,237,False
emo_neg,CRT2,-0.06273318275439566,0.3362473168381892,237,False
emo_neg,Core3,0.033442300544329305,0.608469761952388,237,False
emo_neg,Core4,0.0700874555775475,0.2825538512948964,237,False
emo_neg,CRT2+Core3,-0.02004781873559369,0.758819519707798,237,False
emo_neg,CRT2+Core4,0.010119224638548207,0.8768498506319866,237,False
emo_neg,CRT2+BCRT(all),-0.015527189723596272,0.8120450885438917,237,False
emo_neg,NFC,-0.004444284594852399,0.9457398704088285,237,False
emo_pos,CRT2,0.009966811106245666,0.8786903344335033,237,False
emo_pos,Core3,0.01997014008797082,0.7597253633820815,237,False
emo_pos,Core4,0.020083341733908286,0.7584053804275388,237,False
emo_pos,CRT2+Core3,0.01916151115831423,0.7691743679272733,237,False
emo_pos,CRT2+Core4,0.01945887412208214,0.7656955729136872,237,False
emo_pos,CRT2+BCRT(all),0.03179159964434496,0.6262860179557368,237,False
emo_pos,NFC,-0.1898484012744875,0.003346715867733163,237,True
emo_sad,CRT2,-0.13656628579387986,0.035627828884063684,237,True
emo_sad,Core3,0.05403757432971634,0.40761114950533095,237,False
emo_sad,Core4,0.040769945671273254,0.5322423728136347,237,False
emo_sad,CRT2+Core3,-0.05549989862573897,0.39502020172379604,237,False
emo_sad,CRT2+Core4,-0.05341887717905739,0.4130090359465255,237,False
emo_sad,CRT2+BCRT(all),-0.06812960091734246,0.29624918727369876,237,False
emo_sad,NFC,-0.07844601654821069,0.2289256406109108,237,False
emotion,CRT2,-0.021286425679513204,0.7444207870056672,237,False
emotion,Core3,0.01753075120623426,0.7883327756014884,237,False
emotion,Core4,0.06036443851902059,0.3548465619348058,237,False
emotion,CRT2+Core3,-0.0028954242280347046,0.9646342548913014,237,False
emotion,CRT2+Core4,0.028119886299128993,0.6666890309332902,237,False
emotion,CRT2+BCRT(all),0.014444282422467127,0.8249345565177273,237,False
emotion,NFC,-0.09613199617626247,0.14007061540853916,237,False
ethnicity,CRT2,0.04785618663900773,0.4633988421571953,237,False
ethnicity,Core3,0.06658078847685742,0.3073909071281007,237,False
ethnicity,Core4,0.0682808793035313,0.29517551280472576,237,False
ethnicity,CRT2+Core3,0.07348616012761426,0.25980676620084564,237,False
ethnicity,CRT2+Core4,0.07443670988109787,0.2536768168203223,237,False
ethnicity,CRT2+BCRT(all),0.08372552944375317,0.1990091448357585,237,False
ethnicity,NFC,-0.07452638840637421,0.25310370218312284,237,False
family,CRT2,0.006693885281356467,0.9183539711132676,237,False
family,Core3,-0.03453040981052132,0.5968497705438931,237,False
family,Core4,-0.06142056775357423,0.3464755583206416,237,False
family,CRT2+Core3,-0.017425514859099534,0.7895736254287136,237,False
family,CRT2+Core4,-0.03748028548727191,0.5658644196778599,237,False
family,CRT2+BCRT(all),-0.02587540097242838,0.6918785622917274,237,False
family,NFC,-0.07596695117437276,0.24402007883091503,237,False
fatigue,CRT2,0.025193761489024583,0.6995976398055641,237,False
fatigue,Core3,0.09018364868271742,0.16640725607083873,237,False
fatigue,Core4,0.05831597288513494,0.3714410460698063,237,False
fatigue,CRT2+Core3,0.07352442228980396,0.259558068106406,237,False
fatigue,CRT2+Core4,0.05428227627692376,0.4054878065736829,237,False
fatigue,CRT2+BCRT(all),0.036552674576198346,0.5755249532569189,237,False
fatigue,NFC,-0.09058650123325912,0.16451436914700301,237,False
feeling,CRT2,-0.06732888379577098,0.30197535366788797,237,False
feeling,Core3,0.09440094278967338,0.14738288855117276,237,False
feeling,Core4,0.11971095807855439,0.06579693663811081,237,False
feeling,CRT2+Core3,0.015454851971550547,0.8129045651615965,237,False
feeling,CRT2+Core4,0.04088215143708617,0.5311135488708363,237,False
feeling,CRT2+BCRT(all),0.019088132902770973,0.7700335204621926,237,False
feeling,NFC,-0.0786246913570701,0.22786382967797758,237,False
female,CRT2,-0.08458736403494908,0.19440836461243327,237,False
female,Core3,-0.07756689626795646,0.23420095447313116,237,False
female,Core4,-0.08868286913011697,0.17360229673653627,237,False
female,CRT2+Core3,-0.10453959188956709,0.10843680479866591,237,False
female,CRT2+Core4,-0.10997149337542614,0.09118769494946544,237,False
female,CRT2+BCRT(all),-0.09286708908419587,0.1541012704177116,237,False
female,NFC,-0.08013278866031535,0.2190404093068794,237,False
filler,CRT2,-0.024970367493249813,0.7021341888675026,237,False
filler,Core3,0.020293335922803357,0.7559586067283337,237,False
filler,Core4,0.026440433876389287,0.6855039530010694,237,False
filler,CRT2+Core3,-0.003568005271245893,0.9564264640793558,237,False
filler,CRT2+Core4,0.003044509348804684,0.962814554458302,237,False
filler,CRT2+BCRT(all),-0.020869825474407484,0.7492541225898712,237,False
filler,NFC,0.020567848673004336,0.7527637538663692,237,False
focusfuture,CRT2,-0.017608663699316723,0.787414446925577,237,False
focusfuture,Core3,0.04599781142932226,0.48096178368384956,237,False
focusfuture,Core4,0.03288443360307112,0.6144658200673265,237,False
focusfuture,CRT2+Core3,0.017506934288726485,0.7886135561042082,237,False
focusfuture,CRT2+Core4,0.011755612875435235,0.8571331421741208,237,False
focusfuture,CRT2+BCRT(all),0.028358009471745365,0.6640377807069093,237,False
focusfuture,NFC,-0.03597351845416388,0.5815955224776697,237,False
focuspast,CRT2,-0.03916751626887854,0.548493872497823,237,False
focuspast,Core3,0.008460272595995846,0.8969161784228556,237,False
focuspast,Core4,0.030563069274097025,0.6396886179664603,237,False
focuspast,CRT2+Core3,-0.020364656212092148,0.7551281608996085,237,False
focuspast,CRT2+Core4,-0.0025868982343949317,0.9684006264777281,237,False
focuspast,CRT2+BCRT(all),0.006767853080746497,0.9174549655030537,237,False
focuspast,NFC,-0.01982227435786492,0.7614505927831463,237,False
focuspresent,CRT2,-0.00781569338069856,0.9047312988800102,237,False
focuspresent,Core3,0.09611235235900452,0.14015200913289383,237,False
focuspresent,Core4,0.1490206461932369,0.021742132514180446,237,True
focuspresent,CRT2+Core3,0.0556024060361256,0.3941464416016265,237,False
focuspresent,CRT2+Core4,0.09592882400264359,0.140914202464975,237,False
focuspresent,CRT2+BCRT(all),0.10610591687041902,0.10321853472331854,237,False
focuspresent,NFC,-0.1717902891965422,0.008038985933960241,237,True
food,CRT2,-0.0212967343747661,0.7443013128311695,237,False
food,Core3,-0.010605674295575717,0.8709801537667228,237,False
food,Core4,0.007069747108821149,0.9137868409349026,237,False
food,CRT2+Core3,-0.020681437555421397,0.7514430022438572,237,False
food,CRT2+Core4,-0.007849968717055986,0.9043154941572944,237,False
food,CRT2+BCRT(all),0.0453386106417734,0.48727713795395067,237,False
food,NFC,-0.05318312426929527,0.41507690621430826,237,False
friend,CRT2,0.01773815130924608,0.7858888695174435,237,False
friend,Core3,-0.11347934722948352,0.08126521980555146,237,False
friend,Core4,-0.08731281870705535,0.18036996801719796,237,False
friend,CRT2+Core3,-0.060063131659258424,0.3572578226713623,237,False
friend,CRT2+Core4,-0.04840764982318851,0.45825628995040013,237,False
friend,CRT2+BCRT(all),-0.05692303984633151,0.38299376121819706,237,False
friend,NFC,-0.019819480249807,0.7614832045279583,237,False
fulfill,CRT2,-0.005871371817303459,0.9283575421344783,237,False
fulfill,Core3,0.18037513325421614,0.0053521407951493405,237,True
fulfill,Core4,0.16823362558514537,0.009465960392855077,237,True
fulfill,CRT2+Core3,0.110123882632978,0.09073740538562336,237,False
fulfill,CRT2+Core4,0.11004614664466968,0.09096688213443893,237,False
fulfill,CRT2+BCRT(all),0.08387029070195312,0.1982308819753582,237,False
fulfill,NFC,-0.016823866540628233,0.7966778021824876,237,False
health,CRT2,-0.009739837666629643,0.8814323781194471,237,False
health,Core3,-0.05041000758092634,0.4398536395441046,237,False
health,Core4,-0.06292797121554454,0.33474609195453686,237,False
health,CRT2+Core3,-0.0382472976749512,0.5579353227097519,237,False
health,CRT2+Core4,-0.048236315399357764,0.45985061787987025,237,False
health,CRT2+BCRT(all),-0.05329325356915195,0.4141101683892492,237,False
health,NFC,-0.0701156312821022,0.2823599248515296,237,False
home,CRT2,0.019524209952193207,0.7649318469707567,237,False
home,Core3,0.044177763133922195,0.49850572468493315,237,False
home,Core4,0.027193642627526975,0.6770409117835747,237,False
home,CRT2+Core3,0.04073191390262764,0.5326252576371147,237,False
home,CRT2+Core4,0.029920798858736733,0.6467425970732492,237,False
home,CRT2+BCRT(all),0.015267037944737657,0.8151371093015267,237,False
home,NFC,0.1251448608825594,0.054358983349379386,237,False
i,CRT2,0.02513150590202477,0.7003041937429466,237,False
i,Core3,-0.11015793694094829,0.09063702285619879,237,False
i,Core4,-0.0785350817784352,0.2283959159532114,237,False
i,CRT2+Core3,-0.053111146570297224,0.4157094568508821,237,False
i,CRT2+Core4,-0.038102962413953265,0.5594232989234622,237,False
i,CRT2+BCRT(all),-0.007261249561000777,0.9114609555239934,237,False
i,NFC,-0.07732312016130792,0.23567881203138907,237,False
illness,CRT2,0.02454063294289082,0.7070229127930086,237,False
illness,Core3,0.11790471585154481,0.07000966859350277,237,False
illness,Core4,0.10133924917924583,0.11974198734310981,237,False
illness,CRT2+Core3,0.09061247428443513,0.16439288452056267,237,False
illness,CRT2+Core4,0.08292772546023318,0.20333811724387796,237,False
illness,CRT2+BCRT(all),0.06838569528277923,0.29443311869617217,237,False
illness,NFC,0.003776558366110939,0.9538822941252245,237,False
insight,CRT2,-0.09472546877254867,0.14599039378015544,237,False
insight,Core3,0.0469851065730466,0.47158661598123097,237,False
insight,Core4,0.022602980905157333,0.729212737727027,237,False
insight,CRT2+Core3,-0.03249082913679991,0.6187118442723678,237,False
insight,CRT2+Core4,-0.04088274415609552,0.5311075891436645,237,False
insight,CRT2+BCRT(all),-0.04818585004872196,0.4603208034384898,237,False
insight,NFC,0.134549769618562,0.038467610284998566,237,True
lack,CRT2,-0.003391314842172081,0.9585822829012292,237,False
lack,Core3,0.04349330886704978,0.505189781934682,237,False
lack,Core4,0.020252155274452503,0.7564382374635485,237,False
lack,CRT2+Core3,0.025257019214865502,0.6988799769489127,237,False
lack,CRT2+Core4,0.01165660626700474,0.858323677866939,237,False
lack,CRT2+BCRT(all),-0.007693325672742991,0.9062159904141418,237,False
lack,NFC,-0.06262514160803102,0.3370818373909925,237,False
leisure,CRT2,-0.050388894885583756,0.44004545110578763,237,False
leisure,Core3,-0.033774037404858126,0.6049165164826,237,False
leisure,Core4,-0.03518815778780122,0.5898746628322291,237,False
leisure,CRT2+Core3,-0.054418302281241115,0.40431031852215904,237,False
leisure,CRT2+Core4,-0.05360635138030509,0.41136897162142816,237,False
leisure,CRT2+BCRT(all),-0.012135235526997168,0.8525712670810912,237,False
leisure,NFC,-0.09044753413050652,0.16516550618842807,237,False
male,CRT2,-0.06523292028079355,0.31730856788995365,237,False
male,Core3,0.002751915085976216,0.966386069148182,237,False
male,Core4,-0.01769186411584836,0.7864341154462868,237,False
male,CRT2+Core3,-0.04108179552925008,0.5291080567489539,237,False
male,CRT2+Core4,-0.050596438653951255,0.4381619595554236,237,False
male,CRT2+BCRT(all),-0.052870238903186824,0.41783069956609387,237,False
male,NFC,-0.012304833510027683,0.8505348036238285,237,False
memory,CRT2,0.02541365611495523,0.6971040730499589,237,False
memory,Core3,0.12712335256165308,0.05062684219467761,237,False
memory,Core4,0.1786314436515331,0.005821465996957542,237,True
memory,CRT2+Core3,0.0970107549648794,0.13646633888497206,237,False
memory,CRT2+Core4,0.1356025702574892,0.03696201579001368,237,True
memory,CRT2+BCRT(all),0.19832573847203247,0.00215805441380712,237,True
memory,NFC,-0.039962010649290045,0.540405918866361,237,False
mental,CRT2,0.027787949134135955,0.670391707360876,237,False
mental,Core3,0.05462537107358028,0.4025217671317538,237,False
mental,Core4,0.04170845701381946,0.5228379967211128,237,False
mental,CRT2+Core3,0.052758247354006936,0.41881896200192137,237,False
mental,CRT2+Core4,0.04461271897978391,0.4942825588930404,237,False
mental,CRT2+BCRT(all),0.014297336565089871,0.8266873034221005,237,False
mental,NFC,-0.012857167545524205,0.8439095332505198,237,False
money,CRT2,0.08405297914446104,0.19725187554056012,237,False
money,Core3,0.018592528623868794,0.7758436213618392,237,False
money,Core4,-0.013809596341096938,0.8325110978771091,237,False
money,CRT2+Core3,0.06692324094607159,0.30490397250790036,237,False
money,CRT2+Core4,0.04049195595045584,0.5350442236260347,237,False
money,CRT2+BCRT(all),0.01029755810603252,0.8746972085474503,237,False
money,NFC,-0.06183381588153144,0.34323439808455114,237,False
moral,CRT2,-0.06564112129188343,0.31428324604518676,237,False
moral,Core3,0.051397646170246496,0.43093423851900337,237,False
moral,Core4,0.038726511726995705,0.553008789210399,237,False
moral,CRT2+Core3,-0.010610790747992836,0.8709184535236245,237,False
moral,CRT2+Core4,-0.012766706612792658,0.8449938778514205,237,False
moral,CRT2+BCRT(all),-0.02608659399948304,0.6894933479507985,237,False
moral,NFC,-0.0953021289561503,0.14354074399086825,237,False
motion,CRT2,0.07910349957886255,0.22503562045330794,237,False
motion,Core3,-0.05432671361538936,0.40510291790522324,237,False
motion,Core4,-0.07531721073962641,0.24808852606925935,237,False
motion,CRT2+Core3,0.017597011735833168,0.7875517661073497,237,False
motion,CRT2+Core4,-0.0039470663056812225,0.9518025883428978,237,False
motion,CRT2+BCRT(all),-0.021358655698749698,0.7435837950871398,237,False
motion,NFC,0.017789966284893294,0.7852786321449785,237,False
need,CRT2,-0.05899869967926877,0.3658579392313137,237,False
need,Core3,-0.0011489655296804465,0.9859622755073318,237,False
need,Core4,-0.01770702038196593,0.786255568793935,237,False
need,CRT2+Core3,-0.03945442277043011,0.5455663240316315,237,False
need,CRT2+Core4,-0.0469121927481797,0.472275550292788,237,False
need,CRT2+BCRT(all),-0.05306103625774675,0.4161501674420287,237,False
need,NFC,0.016234350076727296,0.8036550064779555,237,False
negate,CRT2,0.09632494973037102,0.13927303617330855,237,False
negate,Core3,-0.11794479002843097,0.0699138725082471,237,False
negate,Core4,-0.13203625487430234,0.04227274380480561,237,True
negate,CRT2+Core3,-0.011298245068475021,0.8626355612769134,237,False
negate,CRT2+Core4,-0.032015960067957844,0.6238513858306187,237,False
negate,CRT2+BCRT(all),-0.04757742283429449,0.46601050274020017,237,False
negate,NFC,-0.07108798196278372,0.2757223910272908,237,False
netspeak,CRT2,-0.05301490775077281,0.41655610092552653,237,False
netspeak,Core3,0.005376175953972438,0.9343857437038221,237,False
netspeak,Core4,0.039673309554987046,0.5433380298119306,237,False
netspeak,CRT2+Core3,-0.031403294646596545,0.6305092500435345,237,False
netspeak,CRT2+Core4,-0.004645354010004998,0.9432890428937588,237,False
netspeak,CRT2+BCRT(all),-0.03476475803310688,0.5943603423914634,237,False
netspeak,NFC,-0.104054976970928,0.1100926627546297,237,False
nonflu,CRT2,0.013527230983815057,0.8358868433331268,237,False
nonflu,Core3,-0.06254511019025495,0.3377008602615308,237,False
nonflu,Core4,-0.03121417370960758,0.6325705052492983,237,False
nonflu,CRT2+Core3,-0.0306422444565788,0.6388212663741131,237,False
nonflu,CRT2+Core4,-0.013047211911526798,0.841632453243629,237,False
nonflu,CRT2+BCRT(all),-0.027161763337952907,0.6773982962844536,237,False
nonflu,NFC,-0.05513234397306134,0.3981627442756839,237,False
number,CRT2,-0.07122145345347294,0.2748196023595748,237,False
number,Core3,0.17033105339417134,0.00859950711850499,237,True
number,Core4,0.17863640884519874,0.005820078835452325,237,True
number,CRT2+Core3,0.060879463062035954,0.3507486896213783,237,False
number,CRT2+Core4,0.07833880217939033,0.22956446105342754,237,False
number,CRT2+BCRT(all),0.0963178060369915,0.13930250277956158,237,False
number,NFC,-0.11040424070193207,0.08991362862060259,237,False
polite,CRT2,-0.04436700514627109,0.4966659564741247,237,False
polite,Core3,-0.021357381542910316,0.7435985572317576,237,False
polite,Core4,-0.018823977610258065,0.7731287099629032,237,False
polite,CRT2+Core3,-0.04261935143560703,0.5137921373067922,237,False
polite,CRT2+Core4,-0.038995009003993414,0.5502578121330262,237,False
polite,CRT2+BCRT(all),-0.033019847356564574,0.613007992160775,237,False
polite,NFC,0.04761347949936648,0.46567224121608897,237,False
politic,CRT2,0.03015959947782448,0.6441161495290482,237,False
politic,Core3,0.07164220164283218,0.2719868368405369,237,False
politic,Core4,0.09133696539990126,0.16103119460730042,237,False
politic,CRT2+Core3,0.0650679029762717,0.31853693665672944,237,False
politic,CRT2+Core4,0.07950795933584137,0.22266605531147032,237,False
politic,CRT2+BCRT(all),0.11752350287692365,0.07092630878427908,237,False
politic,NFC,-0.05069407334181222,0.4372775053285003,237,False
power,CRT2,0.01964071755868427,0.7635705259295462,237,False
power,Core3,0.01125346673716219,0.8631746329733954,237,False
power,Core4,-0.006541558538441328,0.9202056778477197,237,False
power,CRT2+Core3,0.020003718100674767,0.7593337556602051,237,False
power,CRT2+Core4,0.007225019883822704,0.9119009244315972,237,False
power,CRT2+BCRT(all),0.002144407515512451,0.9738035916997194,237,False
power,NFC,0.128165910307577,0.04874761754612389,237,True
prep,CRT2,0.045629872344116994,0.4844812847857256,237,False
prep,Core3,0.06600580705724295,0.31159642469759685,237,False
prep,Core4,0.007620303979995275,0.9071021205860901,237,False
prep,CRT2+Core3,0.07166141763145646,0.2718579376340309,237,False
prep,CRT2+Core4,0.03218305757445425,0.6220407852029539,237,False
prep,CRT2+BCRT(all),0.016955642219341142,0.7951203593901686,237,False
prep,NFC,0.038706649818318006,0.5532125567626278,237,False
prosocial,CRT2,0.09486891152165473,0.14537809938159407,237,False
prosocial,Core3,0.04853305684763534,0.4570912881321705,237,False
prosocial,Core4,0.05160248903267452,0.4290974349284231,237,False
prosocial,CRT2+Core3,0.09294237033578244,0.15376622741142154,237,False
prosocial,CRT2+Core4,0.09104228090069402,0.16239227223173858,237,False
prosocial,CRT2+BCRT(all),0.08027275471547134,0.21823404747830155,237,False
prosocial,NFC,-0.0007809604953407207,0.9904581901321676,237,False
quantity,CRT2,0.031283805693163066,0.6318112456239118,237,False
quantity,Core3,0.16938061561477769,0.008983004115097115,237,True
quantity,Core4,0.19079566820776783,0.003189386076682066,237,True
quantity,CRT2+Core3,0.12756620839860647,0.04982134779267078,237,True
quantity,CRT2+Core4,0.14728982107808045,0.023335748849347526,237,True
quantity,CRT2+BCRT(all),0.17204578442627652,0.007944260380267743,237,True
quantity,NFC,-0.12982655943074894,0.045874631446969794,237,True
relig,CRT2,-0.10466207979390434,0.10802139727460136,237,False
relig,Core3,-0.029376961159542785,0.6527402954508241,237,False
relig,Core4,-0.038689990013258985,0.5533835014449124,237,False
relig,CRT2+Core3,-0.0872662527851578,0.1806033648339298,237,False
relig,CRT2+Core4,-0.08813235661502339,0.1762986610624213,237,False
relig,CRT2+BCRT(all),-0.12093223652113841,0.06306792584847876,237,False
relig,NFC,-0.03198995261420215,0.6241333955581978,237,False
reward,CRT2,0.027655346423588995,0.6718730904961476,237,False
reward,Core3,0.030212510057860516,0.6435348082830248,237,False
reward,Core4,0.011874438853788197,0.8557047088179339,237,False
reward,CRT2+Core3,0.03724485592176595,0.5683089440249749,237,False
reward,CRT2+Core4,0.024401868288014605,0.708604099274015,237,False
reward,CRT2+BCRT(all),0.007998202023522935,0.9025175315840983,237,False
reward,NFC,-0.005196496656111028,0.9365739887893334,237,False
risk,CRT2,0.0036724541351054662,0.9551522202374592,237,False
risk,Core3,0.08718388567782838,0.18101674928227873,237,False
risk,Core4,0.1382753082842938,0.0333621402533697,237,True
risk,CRT2+Core3,0.0575017006039816,0.37816814617883154,237,False
risk,CRT2+Core4,0.09548578480441144,0.14276718835616475,237,False
risk,CRT2+BCRT(all),0.11218005445842452,0.08483377628981792,237,False
risk,NFC,-0.05481578869844464,0.4008812069954195,237,False
sexual,CRT2,-0.02260447796770297,0.7291955033841546,237,False
sexual,Core3,0.008228803784241585,0.8997214899610431,237,False
sexual,Core4,-0.004052966293387016,0.9505110767668092,237,False
sexual,CRT2+Core3,-0.009638478040542612,0.8826573520230081,237,False
sexual,CRT2+Core4,-0.01613066206107368,0.8048838290881437,237,False
sexual,CRT2+BCRT(all),-0.03583201028602446,0.5830832848771481,237,False
sexual,NFC,0.06685626334259778,0.3053893259848288,237,False
shehe,CRT2,-0.10410662267790774,0.10991525751732456,237,False
shehe,Core3,-0.023636577384327947,0.7173466541214493,237,False
shehe,Core4,-0.04547450712902412,0.48597157647613676,237,False
shehe,CRT2+Core3,-0.08327431949702117,0.20144916362668752,237,False
shehe,CRT2+Core4,-0.09238144040046199,0.15627593592926847,237,False
shehe,CRT2+BCRT(all),-0.08348803405952841,0.20029076544258828,237,False
shehe,NFC,-0.025434187535274287,0.6968714156797051,237,False
socbehav,CRT2,0.07280087244741476,0.264288800144338,237,False
socbehav,Core3,0.052654148893992586,0.41973879669999414,237,False
socbehav,Core4,0.06821072239640169,0.29567311792443096,237,False
socbehav,CRT2+Core3,0.0810603862391518,0.21373591658973723,237,False
socbehav,CRT2+Core4,0.08917188571873395,0.17123291891300485,237,False
socbehav,CRT2+BCRT(all),0.04534474898885073,0.487218126124247,237,False
socbehav,NFC,-0.018383142632877134,0.7783020805016136,237,False
socrefs,CRT2,0.019235092998826173,0.7683131144039224,237,False
socrefs,Core3,-0.24294902514237138,0.00015864928431374992,237,True
socrefs,Core4,-0.25515068656582507,7.091684656268527e-05,237,True
socrefs,CRT2+Core3,-0.14089164649126507,0.03013137298697255,237,True
socrefs,CRT2+Core4,-0.16077907500264163,0.013203986840127913,237,True
socrefs,CRT2+BCRT(all),-0.1751713079788141,0.0068633119421814826,237,True
socrefs,NFC,0.020733532824450354,0.75083750755809,237,False
space,CRT2,-0.04337264158411771,0.5063730064852972,237,False
space,Core3,0.0783350834377159,0.2295866411971903,237,False
space,Core4,0.0664005514971338,0.30870515611914895,237,False
space,CRT2+Core3,0.021028475295051183,0.747412324623463,237,False
space,CRT2+Core4,0.01910455563037995,0.7698412098310834,237,False
space,CRT2+BCRT(all),0.04164565429417615,0.5234646554922882,237,False
space,NFC,-0.022917090632671357,0.7255996636521731,237,False
substances,CRT2,-0.09494653950297087,0.14504755533357483,237,False
substances,Core3,0.02809890790538126,0.6669228021957965,237,False
substances,Core4,0.014300859153557239,0.8266452764694439,237,False
substances,CRT2+Core3,-0.04457002711342035,0.4946962286137597,237,False
substances,CRT2+Core4,-0.04661610111610363,0.4750788570717255,237,False
substances,CRT2+BCRT(all),-0.06233301553320961,0.33934486650736506,237,False
substances,NFC,-0.026572468798453215,0.6840175369697938,237,False
swear,CRT2,0.012569468647486126,0.8473591554869908,237,False
swear,Core3,-0.04506542596783971,0.48990731461686243,237,False
swear,Core4,-0.006696921515128333,0.9183170666387064,237,False
swear,CRT2+Core3,-0.020225633940610298,0.7567471806377783,237,False
swear,CRT2+Core4,0.0029296730702406764,0.9642162044660769,237,False
swear,CRT2+BCRT(all),-0.024344377197511962,0.7092595612227872,237,False
swear,NFC,0.014247707637814218,0.8272794637327185,237,False
tech,CRT2,0.14565800810892854,0.02492947145858815,237,True
tech,Core3,-0.012198859095382448,0.8518071859914389,237,False
tech,Core4,0.003353150433121364,0.9590479710049689,237,False
tech,CRT2+Core3,0.08790560461172776,0.17741824821424745,237,False
tech,CRT2+Core4,0.08858140970625186,0.17409692131746324,237,False
tech,CRT2+BCRT(all),0.07338241660205307,0.2604819075295892,237,False
tech,NFC,-0.04731257061915095,0.4684993350068676,237,False
tentat,CRT2,0.060840616059301494,0.3510567383108154,237,False
tentat,Core3,0.012204312720751833,0.8517416976252874,237,False
tentat,Core4,0.016113272548132572,0.8050899618697436,237,False
tentat,CRT2+Core3,0.04764931892679412,0.46533615204779055,237,False
tentat,CRT2+Core4,0.04692825872865186,0.4721237018048443,237,False
tentat,CRT2+BCRT(all),0.0685947922025184,0.2929558380506032,237,False
tentat,NFC,0.05038952362731066,0.44003973821731246,237,False
they,CRT2,0.08098610796358602,0.2141572563034959,237,False
they,Core3,-0.09721683026010744,0.13563149564110888,237,False
they,Core4,-0.1257671342623318,0.053161321276349316,237,False
they,CRT2+Core3,-0.008269210914266314,0.8992316806401008,237,False
they,CRT2+Core4,-0.0368754806512407,0.5721543412203727,237,False
they,CRT2+BCRT(all),-0.055791356707606446,0.39253889871826475,237,False
they,NFC,0.15071629183475702,0.020273053305623012,237,True
time,CRT2,0.07762502586016545,0.23384951759050532,237,False
time,Core3,0.09785954095411818,0.13305293787885653,237,False
time,Core4,0.17705741337775596,0.006276434383439167,237,True
time,CRT2+Core3,0.1127921243735781,0.0831373189002258,237,False
time,CRT2+Core4,0.16548148072126684,0.010719794925431625,237,True
time,CRT2+BCRT(all),0.1371713073402465,0.034811260090990226,237,True
time,NFC,-0.03507718276924258,0.5910488804131164,237,False
tone_neg,CRT2,-0.04564034698020774,0.4843808987913367,237,False
tone_neg,Core3,0.006619166015784001,0.9192622153605816,237,False
tone_neg,Core4,0.0531139814243432,0.41568453304040487,237,False
tone_neg,CRT2+Core3,-0.02577698820702384,0.6929910761733469,237,False
tone_neg,CRT2+Core4,0.008794787168023625,0.8928642628189323,237,False
tone_neg,CRT2+BCRT(all),0.007331181547764488,0.9106117861469534,237,False
tone_neg,NFC,-0.027321864516501582,0.6756042036214338,237,False
tone_pos,CRT2,0.06066592789354512,0.35244408404139493,237,False
tone_pos,Core3,0.09854511072426718,0.1303441662256115,237,False
tone_pos,Core4,0.11349317575225114,0.0812279006679244,237,False
tone_pos,CRT2+Core3,0.1020929053501199,0.11700044638478402,237,False
tone_pos,CRT2+Core4,0.11253758715177822,0.0838394659254742,237,False
tone_pos,CRT2+BCRT(all),0.12367915666091935,0.0572685391611818,237,False
tone_pos,NFC,0.005975821956031842,0.9270865420359107,237,False
verb,CRT2,0.03035286125771931,0.6419937864854544,237,False
verb,Core3,-0.14064200959529038,0.030427647524452928,237,True
verb,Core4,-0.1608034801396264,0.013189887336496176,237,True
verb,CRT2+Core3,-0.06894641397814244,0.29048277647846055,237,False
verb,CRT2+Core4,-0.09052419376712456,0.16480607582522167,237,False
verb,CRT2+BCRT(all),-0.06482336623854465,0.32036292082530826,237,False
verb,NFC,0.020132359105334452,0.757834032218144,237,False
visual,CRT2,-0.02484902491385818,0.7035133702051826,237,False
visual,Core3,0.05590826676620171,0.39154623936320543,237,False
visual,Core4,0.1067310017452821,0.10119226016023974,237,False
visual,CRT2+Core3,0.019016518574631297,0.7708722904829888,237,False
visual,CRT2+Core4,0.057297229094577615,0.3798690244860581,237,False
visual,CRT2+BCRT(all),0.059327368204789045,0.36318885438962334,237,False
visual,NFC,-0.07912316933360715,0.22491997094427574,237,False
want,CRT2,0.0033035905465407384,0.9596527292131876,237,False
want,Core3,0.11976932720831622,0.06566434256023079,237,False
want,Core4,0.1332423261336353,0.04040916005132589,237,True
want,CRT2+Core3,0.07785012242242095,0.23249214431986753,237,False
want,CRT2+Core4,0.09187088938283372,0.15858696570909214,237,False
want,CRT2+BCRT(all),0.09286168529991011,0.15412534142070444,237,False
want,NFC,-0.08477150376888619,0.19343549743755184,237,False
we,CRT2,0.04446139723140481,0.4957496440179334,237,False
we,Core3,-0.15528957174760485,0.016731984234823027,237,True
we,Core4,-0.17655707472743384,0.00642757590181442,237,True
we,CRT2+Core3,-0.06894088680459003,0.29052154245531026,237,False
we,CRT2+Core4,-0.09279397699223957,0.1544271868455247,237,False
we,CRT2+BCRT(all),-0.08652055795653571,0.18437133409879025,237,False
we,NFC,0.028081162630457557,0.6671205705137697,237,False
wellness,CRT2,-0.03035089050698005,0.6420154142661376,237,False
wellness,Core3,-0.021397892010478543,0.7431292559740847,237,False
wellness,Core4,-0.030010994648249013,0.6457500628324937,237,False
wellness,CRT2+Core3,-0.03344437976586744,0.6084474625923901,237,False
wellness,CRT2+Core4,-0.03823799385235222,0.5580311796589381,237,False
wellness,CRT2+BCRT(all),-0.014885537382914763,0.8196765802313437,237,False
wellness,NFC,0.011725970570444196,0.8574895515295715,237,False
work,CRT2,0.03106959906792064,0.6341481602282668,237,False
work,Core3,-0.009684563385457333,0.8821003564113483,237,False
work,Core4,0.02412432195410125,0.7117704066820993,237,False
work,CRT2+Core3,0.014275334325969044,0.8269498167346243,237,False
work,CRT2+Core4,0.03469152846077829,0.5951377369040478,237,False
work,CRT2+BCRT(all),0.027710308903194338,0.6712589181373017,237,False
work,NFC,0.05970088270357452,0.3601703200086894,237,False
you,CRT2,-0.032185785477897466,0.6220112455546816,237,False
you,Core3,0.019249133044370002,0.7681488120967193,237,False
you,Core4,0.02518922958150368,0.6996490648249325,237,False
you,CRT2+Core3,-0.00896423344659734,0.890812843150568,237,False
you,CRT2+Core4,-0.0020757575372008946,0.9746419450218289,237,False
you,CRT2+BCRT(all),-0.033576383576228115,0.6070324813402359,237,False
you,NFC,-0.08112825639209383,0.21335144648589366,237,False
