dataset,family,outcome,set,predictor,beta,se,ci_lo,ci_hi,beta_std,p_raw,r2,n,p_adj,sig_raw,sig_adj
naive,Summary,Analytic_Q1,crt2_total,crt2_total,-0.7579654255319167,2.424367430783963,-5.509725589868484,3.9937947388046506,-0.03570111425087476,0.7545506771118903,0.0013000526384225886,51,0.8273771449899356,False,False
naive,Summary,Analytic_Q1,bcrt_core3,bcrt_core3_total,-3.917885514018689,2.5838429937409715,-8.982217781750993,1.1464467537136152,-0.17378475671891008,0.129443082963472,0.02965396804233933,51,0.517772331853888,False,False
naive,Summary,Analytic_Q1,bcrt_core4,bcrt_core4_total,-3.8768780339805837,2.3904923672707095,-8.562243073831175,0.8084870058700067,-0.19459620332202787,0.10484819330879186,0.0372679748083643,51,0.41939277323516744,False,False
naive,Summary,Analytic_Q1,crt2_plus_core3,crt2_plus_core3_total,-1.5075849010505722,1.4248337723085318,-4.300259094775295,1.2850892926741502,-0.11787218038617378,0.2900200008172613,0.013996505275427396,51,0.6722268415780766,False,False
naive,Summary,Analytic_Q1,crt2_plus_core4,crt2_plus_core4_total,-1.6002284803400642,1.32469310285786,-4.196626961941469,0.996170001261341,-0.13418087361408174,0.22704749113197342,0.01812750059429402,51,0.6054599763519292,False,False
naive,Summary,Analytic_Q2,crt2_total,crt2_total,-1.5272774698402365,2.9055721885327808,-7.222198959364487,4.167644019684014,-0.06237465031890791,0.5991401518055544,0.0038905970024062375,52,0.7988535357407391,False,False
naive,Summary,Analytic_Q2,bcrt_core3,bcrt_core3_total,-0.5582352941176477,3.6526906794844147,-7.7175090259071,6.601038437671805,-0.021470147786044856,0.8785335097700882,0.0004609672459547909,52,0.8785335097700882,False,False
naive,Summary,Analytic_Q2,bcrt_core4,bcrt_core4_total,-0.6327189204708608,2.9652132497796275,-6.444536890038931,5.179099049097209,-0.02753726789126563,0.8310301273049123,0.0007583011229155279,52,0.9301412497399153,False,False
naive,Summary,Analytic_Q2,crt2_plus_core3,crt2_plus_core3_total,-0.7339439119630842,1.7152132749574578,-4.095761930879702,2.627874106953533,-0.04975654475398805,0.668722164810854,0.0024757137458558676,52,0.8037000681844546,False,False
naive,Summary,Analytic_Q2,crt2_plus_core4,crt2_plus_core4_total,-0.708633744855965,1.5382048161304704,-3.7235151844716867,2.306247694759757,-0.051521470821451185,0.6450218850810492,0.0026544619556061466,52,0.7715292687688533,False,False
naive,Summary,Authentic_Q1,crt2_total,crt2_total,-2.103779920212766,2.9452101481482487,-7.876391810583333,3.668831970157801,-0.08675209471784431,0.4750382683381257,0.007676395379901502,51,0.7600612293410011,False,False
naive,Summary,Authentic_Q1,bcrt_core3,bcrt_core3_total,-3.1147546728971918,3.8136845466399,-10.589576384311396,4.360067038517012,-0.12095701885585505,0.4140821296299376,0.01436552835599958,51,0.8281642592598752,False,False
naive,Summary,Authentic_Q1,bcrt_core4,bcrt_core4_total,-0.2862469660194162,3.2651574607746117,-6.685955589137655,6.113461657098823,-0.012578834580120596,0.9301412497399153,0.00015572124944884802,51,0.9301412497399153,False,False
naive,Summary,Authentic_Q1,crt2_plus_core3,crt2_plus_core3_total,-1.7501661373075916,1.9773108540368804,-5.625695411219877,2.125363136604694,-0.11979980304430932,0.3760895260742748,0.014458032145749589,51,0.6722268415780766,False,False
naive,Summary,Authentic_Q1,crt2_plus_core4,crt2_plus_core4_total,-0.7727566418703516,1.8435171722137549,-4.386050299409311,2.8405370156686076,-0.05672815453659393,0.6750881101727466,0.003240067132923574,51,0.7715292687688533,False,False
naive,Summary,Authentic_Q2,crt2_total,crt2_total,-2.490886860123907,2.968569573508608,-8.30928322420078,3.3275095039529647,-0.10400468056690837,0.4014207320865656,0.010816973579824696,52,0.7600612293410011,False,False
naive,Summary,Authentic_Q2,bcrt_core3,bcrt_core3_total,-2.2891176470588284,3.98403060434547,-10.09781763157595,5.519582337458292,-0.09001078727281929,0.5655799078176629,0.00810194182547308,52,0.8785335097700882,False,False
naive,Summary,Authentic_Q2,bcrt_core4,bcrt_core4_total,-0.9998306057996028,3.167833410134126,-7.2087840896624895,5.209122878063284,-0.04448823322819696,0.752291188961583,0.001979202895766363,52,0.9301412497399153,False,False
naive,Summary,Authentic_Q2,crt2_plus_core3,crt2_plus_core3_total,-1.6407466572003377,2.03522316814958,-5.629784066773514,2.3482907523728387,-0.11372018925671441,0.42014177598629787,0.012932281444582694,52,0.6722268415780766,False,False
naive,Summary,Authentic_Q2,crt2_plus_core4,crt2_plus_core4_total,-1.1442345679012311,1.8148561974356263,-4.701352714875059,2.412883579072596,-0.08505310858591407,0.5283791307511578,0.007234031280127562,52,0.7715292687688533,False,False
naive,Summary,Clout_Q1,crt2_total,crt2_total,5.2669980053191505,2.08699516371522,1.1764874844373194,9.35750852620098,0.2743195189775415,0.011611933696176035,0.0767557317465638,51,0.09289546956940828,True,False
naive,Summary,Clout_Q1,bcrt_core3,bcrt_core3_total,3.2415537383177555,2.630502043620352,-1.9142302671781342,8.397337743813646,0.15899166097792708,0.2178390172618444,0.02482036406850574,51,0.5809040460315851,False,False
naive,Summary,Clout_Q1,bcrt_core4,bcrt_core4_total,2.735509708737865,2.1096564774515985,-1.399416987067268,6.870436404542998,0.151827928410305,0.19474778351083655,0.022686651551747095,51,0.5193274226955641,False,False
naive,Summary,Clout_Q1,crt2_plus_core3,crt2_plus_core3_total,2.952289274370879,1.3966113548845287,0.21493101879720244,5.689647529944555,0.2552405244374736,0.034524266096745394,0.06562906763776177,51,0.1474120982328155,True,False
naive,Summary,Clout_Q1,crt2_plus_core4,crt2_plus_core4_total,2.641803400637619,1.2204620503178054,0.24969778201472037,5.033909019260518,0.2449459685704589,0.030418880753947233,0.060408394003205745,51,0.24335104603157787,True,False
naive,Summary,Clout_Q2,crt2_total,crt2_total,-0.6450798826214549,0.8155746202865379,-2.243606138383069,0.9534463731401593,-0.09262513425130557,0.4289723560207611,0.008579415495072018,52,0.7600612293410011,False,False
naive,Summary,Clout_Q2,bcrt_core3,bcrt_core3_total,0.13370588235294129,0.8226759553973577,-1.4787389902258798,1.7461507549317625,0.018079792032191618,0.8708919903932031,0.00032687887992743914,52,0.8785335097700882,False,False
naive,Summary,Clout_Q2,bcrt_core4,bcrt_core4_total,-0.07341372380132116,0.6601589228524152,-1.3673252125920548,1.2204977649894126,-0.011233431852551296,0.9114528849768971,0.00012618999118552132,52,0.9301412497399153,False,False
naive,Summary,Clout_Q2,crt2_plus_core3,crt2_plus_core3_total,-0.1910756123535681,0.5015716659740769,-1.1741560776627589,0.7920048529556226,-0.045542595232503154,0.7032375596613978,0.002074127980511209,52,0.8037000681844546,False,False
naive,Summary,Clout_Q2,crt2_plus_core4,crt2_plus_core4_total,-0.22985185185185172,0.43959722628111075,-1.0914624153628287,0.6317587116591253,-0.05875429287358744,0.6010652765970396,0.003452066931074471,52,0.7715292687688533,False,False
naive,Summary,Tone_Q1,crt2_total,crt2_total,0.7488829787234028,3.434192333470548,-5.982133994878871,7.479899952325677,0.029389099235905426,0.8273771449899356,0.0008809879046368652,51,0.8273771449899356,False,False
naive,Summary,Tone_Q1,bcrt_core3,bcrt_core3_total,-1.378714953271026,3.836209002742177,-8.897684598645693,6.140254692103641,-0.05095354041605711,0.7192994940022588,0.002549225099135022,51,0.8785335097700882,False,False
naive,Summary,Tone_Q1,bcrt_core4,bcrt_core4_total,-0.5232524271844656,3.1246427497911955,-6.647552216775209,5.601047362406277,-0.021882826471015568,0.8670081807982969,0.0004712744559783877,51,0.9301412497399153,False,False
naive,Summary,Tone_Q1,crt2_plus_core3,crt2_plus_core3_total,-0.1573295870999228,2.0682479015556154,-4.211095474148929,3.8964362999490834,-0.010248961964692847,0.9393641886596166,0.00010581731576420061,51,0.9393641886596166,False,False
naive,Summary,Tone_Q1,crt2_plus_core4,crt2_plus_core4_total,0.056110520722635254,1.8509095771762096,-3.571672250542736,3.683893291988006,0.003920061307915316,0.9758157489649897,1.5471856056437083e-05,51,0.9758157489649897,False,False
naive,Summary,Tone_Q2,crt2_total,crt2_total,2.8091490055428747,2.6007745876521584,-2.288369186255356,7.906667197341106,0.1391539361062542,0.2800886855237076,0.019363817933863547,52,0.7600612293410011,False,False
naive,Summary,Tone_Q2,bcrt_core3,bcrt_core3_total,6.599132352941183,2.4985457648511527,1.701982653832924,11.496282052049441,0.3078471391099956,0.008261554317018737,0.09476986105820895,52,0.0660924345361499,True,False
naive,Summary,Tone_Q2,bcrt_core4,bcrt_core4_total,4.298334768877402,2.1286110103359954,0.12625718861885105,8.470412349135954,0.22690329639617887,0.04345455683188499,0.05148510591545241,52,0.3476364546550799,True,False
naive,Summary,Tone_Q2,crt2_plus_core3,crt2_plus_core3_total,3.1434504792332243,1.5059249284631742,0.191837619445403,6.095063339021046,0.258478547840651,0.03685302455820388,0.06681115969381157,52,0.1474120982328155,True,False
naive,Summary,Tone_Q2,crt2_plus_core4,crt2_plus_core4_total,2.4266213991769567,1.399015670013474,-0.3154493140494523,5.168692112403366,0.2139927140041541,0.08282576658734413,0.04579288164686368,52,0.3313030663493765,False,False
naive,QuantityLength,WC_Q1,crt2_total,crt2_total,0.9408244680851037,7.057317487358426,-12.89151780713741,14.773166743307618,0.017489542811936168,0.893946709487312,0.0003119997952467646,51,0.893946709487312,False,False
naive,QuantityLength,WC_Q1,bcrt_core3,bcrt_core3_total,9.915887850467294,8.892965299654525,-7.514324136855576,27.346099837790163,0.1735917268839018,0.26483926458704854,0.02958812887818807,51,0.5029525506993234,False,False
naive,QuantityLength,WC_Q1,bcrt_core4,bcrt_core4_total,10.734223300970877,7.489549075382269,-3.94529288677837,25.413739488720125,0.21264752291042105,0.15179300085743438,0.04450283970621538,51,0.30358600171486877,False,False
naive,QuantityLength,WC_Q1,crt2_plus_core3,crt2_plus_core3_total,3.4563889567554504,4.982397192281426,-6.309109540116145,13.221887453627046,0.10665706413443522,0.48785777358590054,0.011459778618541971,51,0.48785777358590054,False,False
naive,QuantityLength,WC_Q1,crt2_plus_core4,crt2_plus_core4_total,4.0605738575983015,4.546711632674971,-4.850980942444641,12.972128657641244,0.13437965198199717,0.37181472912603497,0.018181249298238722,51,0.37181472912603497,False,False
naive,QuantityLength,WC_Q2,crt2_total,crt2_total,16.72155200521682,11.849428619606316,-6.503328089211557,39.9464320996452,0.2488643739027253,0.15819464743761003,0.06193347659799553,52,0.21092619658348002,False,False
naive,QuantityLength,WC_Q2,bcrt_core3,bcrt_core3_total,16.91911764705884,12.212442119059926,-7.017268906298614,40.85550420041629,0.23713268580918467,0.16593018261989168,0.056231910679077624,52,0.5029525506993234,False,False
naive,QuantityLength,WC_Q2,bcrt_core4,bcrt_core4_total,20.778351995406243,12.034497486071666,-2.809263077294222,44.36596706810671,0.3295467965352604,0.08424566926660011,0.1086010911066525,52,0.30358600171486877,False,False
naive,QuantityLength,WC_Q2,crt2_plus_core3,crt2_plus_core3_total,11.514022009229665,7.46416866826176,-3.115748580563384,26.143792599022714,0.28445289887639924,0.12293451232192719,0.08091345167918751,52,0.26188925963196175,False,False
naive,QuantityLength,WC_Q2,crt2_plus_core4,crt2_plus_core4_total,12.721810699588488,7.403142289297018,-1.7883481874336677,27.231969586610646,0.3370631843294076,0.08571750085159666,0.11361159023028,52,0.24921875188263395,False,False
naive,QuantityLength,WPS_Q1,crt2_total,crt2_total,-4.585648271276597,2.715103852214063,-9.90725182161616,0.7359552790629662,-0.364901182046857,0.09123087433015048,0.13581506181845704,51,0.18246174866030096,False,False
naive,QuantityLength,WPS_Q1,bcrt_core3,bcrt_core3_total,-2.257067757009344,2.5560185139594567,-7.266864044369878,2.7527285303511912,-0.16914014190019291,0.37721441302449255,0.028090070932522138,51,0.5029525506993234,False,False
naive,QuantityLength,WPS_Q1,bcrt_core4,bcrt_core4_total,-2.5376729368932036,2.137926210669038,-6.728008309804518,1.6526624360181108,-0.21519393507331305,0.23523601072917832,0.04557504669439605,51,0.3136480143055711,False,False
naive,QuantityLength,WPS_Q1,crt2_plus_core3,crt2_plus_core3_total,-2.393083312973367,1.717288437491401,-5.758968650456513,0.9728020245097788,-0.3161036503758503,0.16346127647675235,0.10065978539071685,51,0.26188925963196175,False,False
naive,QuantityLength,WPS_Q1,crt2_plus_core4,crt2_plus_core4_total,-2.3547077577045687,1.5333017619656357,-5.359979211157215,0.6505636957480774,-0.33357061749396266,0.12460937594131698,0.11202946851118767,51,0.24921875188263395,False,False
naive,QuantityLength,WPS_Q2,crt2_total,crt2_total,-3.5628562112813857,1.8176790423936278,-7.125507134372896,-0.00020528818987530784,-0.3115260332972718,0.049982591147851724,0.09704846942193301,52,0.18246174866030096,True,False
naive,QuantityLength,WPS_Q2,bcrt_core3,bcrt_core3_total,-0.971558823529413,2.1784474081481457,-5.241315743499779,3.2981980964409527,-0.08000050232902028,0.6556067693314664,0.006400080372895411,52,0.6556067693314664,False,False
naive,QuantityLength,WPS_Q2,bcrt_core4,bcrt_core4_total,-0.9133964972724674,1.8313615107116636,-4.502865058267329,2.6760720637223936,-0.08510895158494923,0.6179536136444419,0.007243533639889499,52,0.6179536136444419,False,False
naive,QuantityLength,WPS_Q2,crt2_plus_core3,crt2_plus_core3_total,-1.6057176665483388,1.2429816399084122,-4.041961680768827,0.830526347672149,-0.23305713220858063,0.1964169447239713,0.054315626873287726,52,0.26188925963196175,False,False
naive,QuantityLength,WPS_Q2,crt2_plus_core4,crt2_plus_core4_total,-1.451506172839506,1.1261212744506377,-3.6587038707627557,0.7556915250837437,-0.22593898904994908,0.19741789146319355,0.051048426772913325,52,0.26322385528425807,False,False
naive,FunctionAnalytic,adj_Q1,crt2_total,crt2_total,0.4410139627659575,0.22734142685223702,-0.004575233864427042,0.886603159396342,0.25122351426506206,0.05239487641111291,0.06437510763863774,51,0.36676413487779036,False,False
naive,FunctionAnalytic,adj_Q1,bcrt_core3,bcrt_core3_total,0.7678738317757009,0.25396430044800605,0.27010380289760905,1.2656438606537928,0.4119318557924149,0.002498275104005865,0.16661350917096507,51,0.03497585145608211,True,True
naive,FunctionAnalytic,adj_Q1,bcrt_core4,bcrt_core4_total,0.8089896844660196,0.22450654137484197,0.3689568633713293,1.2490225055607098,0.49110095641747153,0.00031406646805423344,0.23736059813358068,51,0.004396930552759268,True,True
naive,FunctionAnalytic,adj_Q1,crt2_plus_core3,crt2_plus_core3_total,0.40294038602492144,0.1469761156219236,0.11486719940595119,0.6910135726438917,0.38101836388295734,0.006115256551430114,0.14624761538878028,51,0.08561359172002159,True,False
naive,FunctionAnalytic,adj_Q1,crt2_plus_core4,crt2_plus_core4_total,0.42433581296493056,0.13780126063392462,0.1542453421224383,0.6944262838074229,0.43032232527517944,0.0020746543692419786,0.1864423008484526,51,0.029045161169387698,True,True
naive,FunctionAnalytic,adj_Q2,crt2_total,crt2_total,0.16768829475057034,0.3747590014021563,-0.566839347997656,0.9022159374987967,0.06055394832677506,0.6545455977946841,0.00366678065796211,52,0.8194464089547523,False,False
naive,FunctionAnalytic,adj_Q2,bcrt_core3,bcrt_core3_total,0.4522794117647061,0.38873878111281684,-0.30964859921641485,1.214207422745827,0.1538062913047603,0.24464564126737665,0.023656375244924588,52,0.4409652916816903,False,False
naive,FunctionAnalytic,adj_Q2,bcrt_core4,bcrt_core4_total,0.44714900947459046,0.3119171625279801,-0.16420862908025047,1.0585066480294314,0.17207264712574974,0.15170057319025265,0.029608995888862788,52,0.42866211098554147,False,False
naive,FunctionAnalytic,adj_Q2,crt2_plus_core3,crt2_plus_core3_total,0.2064252751153704,0.22916250605910476,-0.24273323676047492,0.6555837869912158,0.1237370484786038,0.3677046700977816,0.015310857166196512,52,0.5341358428619968,False,False
naive,FunctionAnalytic,adj_Q2,crt2_plus_core4,crt2_plus_core4_total,0.21313991769547364,0.2011964047044089,-0.18120503552516776,0.607484870916115,0.13701898806568544,0.28943474052460094,0.01877420309054434,52,0.4502318185938237,False,False
naive,FunctionAnalytic,article_Q1,crt2_total,crt2_total,-0.08289893617021299,0.2827967052732467,-0.6371804785057764,0.4713826061653505,-0.03653908351717911,0.7694153867134251,0.0013617980105035121,51,0.8194464089547523,False,False
naive,FunctionAnalytic,article_Q1,bcrt_core3,bcrt_core3_total,-0.5852219626168218,0.29060836571339826,-1.1548143594150824,-0.01562956581856123,-0.24291642053612553,0.04403240224801608,0.057939294230274774,51,0.30822681573611255,True,False
naive,FunctionAnalytic,article_Q1,bcrt_core4,bcrt_core4_total,-0.535121359223301,0.27301859946621737,-1.070237814177087,-4.904269514938164e-06,-0.2513511218934136,0.049993690768446244,0.06217685112305116,51,0.23330389025274914,True,False
naive,FunctionAnalytic,article_Q1,crt2_plus_core3,crt2_plus_core3_total,-0.2140495968727088,0.16189296357368052,-0.5313598054771227,0.10326061173170503,-0.1566102813698125,0.1861124178430258,0.024707995726840015,51,0.37819333611970707,False,False
naive,FunctionAnalytic,article_Q1,crt2_plus_core4,crt2_plus_core4_total,-0.2139341126461212,0.15486313982875638,-0.5174658667104837,0.08959764141824131,-0.1678668640082459,0.16714376027047706,0.028371784490782037,51,0.42898351398287815,False,False
naive,FunctionAnalytic,article_Q2,crt2_total,crt2_total,-0.5927616563417031,0.4241716037806458,-1.424137999751769,0.23861468706836264,-0.047996615404759156,0.1622761324352321,0.0023036750903122627,52,0.4543731708186499,False,False
naive,FunctionAnalytic,article_Q2,bcrt_core3,bcrt_core3_total,-2.638058823529414,2.561187247141125,-7.657985827926019,2.381868180867191,-0.2011604273168274,0.30300341487924476,0.04046551751828886,52,0.4713386453677141,False,False
naive,FunctionAnalytic,article_Q2,bcrt_core4,bcrt_core4_total,-2.2111053689348257,2.196163474571194,-6.5155857790943665,2.093375041224715,-0.19079184098186983,0.31402914755708344,0.03640152658525164,52,0.4884897850887964,False,False
naive,FunctionAnalytic,article_Q2,crt2_plus_core3,crt2_plus_core3_total,-1.0641959531416407,0.860347750669263,-2.750477544453396,0.6220856381701145,-0.14303729093917805,0.21611047778268977,0.020459666599219384,52,0.37819333611970707,False,False
naive,FunctionAnalytic,article_Q2,crt2_plus_core4,crt2_plus_core4_total,-0.9793497942386834,0.8163340602553542,-2.5793645523391775,0.6206649638618108,-0.1411707074597656,0.23025881324167208,0.01992916864469041,52,0.42898351398287815,False,False
naive,FunctionAnalytic,auxverb_Q1,crt2_total,crt2_total,0.24186502659574496,0.34711991850751817,-0.43849001367899065,0.9222200668704805,0.08753100818783138,0.48594263046833563,0.007814860980235316,51,0.7559107585062999,False,False
naive,FunctionAnalytic,auxverb_Q1,bcrt_core3,bcrt_core3_total,0.6077336448598133,0.38167189180909195,-0.14034326308600686,1.3558105528056335,0.20712365459548082,0.11131878900743623,0.042122957460385746,51,0.4409652916816903,False,False
naive,FunctionAnalytic,auxverb_Q1,bcrt_core4,bcrt_core4_total,0.4898574029126215,0.3867588810110512,-0.2681900038690389,1.247904809694282,0.18892019327281495,0.20530889360443572,0.035125606379223795,51,0.42866211098554147,False,False
naive,FunctionAnalytic,auxverb_Q1,crt2_plus_core3,crt2_plus_core3_total,0.2795247984363561,0.2152743062316449,-0.1424128417776679,0.70146243865038,0.16792152208361685,0.19412975518761633,0.028405975111765014,51,0.37819333611970707,False,False
naive,FunctionAnalytic,auxverb_Q1,crt2_plus_core4,crt2_plus_core4_total,0.24889479277364512,0.2141488771985918,-0.1708370065355948,0.6686265920828851,0.160354411190134,0.24513343656164466,0.025889193450407633,51,0.42898351398287815,False,False
naive,FunctionAnalytic,auxverb_Q2,crt2_total,crt2_total,-0.09492989892403093,0.4158903180325267,-0.9100749222677832,0.7202151244197214,-0.030849481559352774,0.8194464089547523,0.000951690512480452,52,0.8194464089547523,False,False
naive,FunctionAnalytic,auxverb_Q2,bcrt_core3,bcrt_core3_total,-0.11280882352941256,0.4948067088048966,-1.08262997278701,0.8570123257281848,-0.03452355305054494,0.819657405220123,0.0011918757152338255,52,0.8269494821834831,False,False
naive,FunctionAnalytic,auxverb_Q2,bcrt_core4,bcrt_core4_total,-0.19534022394487588,0.4179468777693353,-1.014516104372773,0.6238356564830214,-0.06764822128947943,0.6402276658947377,0.004576281843630126,52,0.7169637077376996,False,False
naive,FunctionAnalytic,auxverb_Q2,crt2_plus_core3,crt2_plus_core3_total,-0.07075967341143134,0.2671132046706587,-0.5943015545659224,0.4527822077430597,-0.03817049870004186,0.7910825024629358,0.0014569869710098216,52,0.7910825024629358,False,False
naive,FunctionAnalytic,auxverb_Q2,crt2_plus_core4,crt2_plus_core4_total,-0.0999506172839503,0.24175477831580042,-0.5737899827829192,0.3738887482150185,-0.05782379304636046,0.6792857225382323,0.0033435910422683346,52,0.6859837756756372,False,False
naive,FunctionAnalytic,conj_Q1,crt2_total,crt2_total,-0.40400598404255367,0.2323279846241402,-0.8593688339058685,0.0513568658207611,-0.2248509067461588,0.08204413730278295,0.051568759180064316,51,0.3828726407463205,False,False
naive,FunctionAnalytic,conj_Q1,bcrt_core3,bcrt_core3_total,0.05844626168224344,0.2673471411621999,-0.46555413499566833,0.5824466583601552,0.030633114038566344,0.8269494821834831,0.0009213862989873034,51,0.8269494821834831,False,False
naive,FunctionAnalytic,conj_Q1,bcrt_core4,bcrt_core4_total,0.10775485436893188,0.24944095537132038,-0.38114941815885606,0.5966591268967198,0.06390922321845921,0.6657520143278639,0.004019704664556478,51,0.7169637077376996,False,False
naive,FunctionAnalytic,conj_Q1,crt2_plus_core3,crt2_plus_core3_total,-0.13011971658929802,0.14869316086900347,-0.4215583118925448,0.16131887871394876,-0.12021180466279625,0.38152560204428343,0.014557647927167294,51,0.5341358428619968,False,False
naive,FunctionAnalytic,conj_Q1,crt2_plus_core4,crt2_plus_core4_total,-0.09140170031880948,0.13812410993973417,-0.3621249558006885,0.1793215551630695,-0.09056019828991617,0.508140408769826,0.008257173827863729,51,0.6859837756756372,False,False
naive,FunctionAnalytic,conj_Q2,crt2_total,crt2_total,-0.2955754809259873,0.5010727060147958,-1.277677984714987,0.6865270228630125,-0.09260146158136022,0.555267473189099,0.008575030687003937,52,0.7773744624647385,False,False
naive,FunctionAnalytic,conj_Q2,bcrt_core3,bcrt_core3_total,0.731338235294118,0.5629882647428985,-0.37211876360196317,1.8347952341901992,0.21577209588409688,0.19393388395962008,0.046557597362215986,52,0.4409652916816903,False,False
naive,FunctionAnalytic,conj_Q2,bcrt_core4,bcrt_core4_total,0.6851478610393333,0.4974879738955721,-0.28992856779598797,1.6602242898746546,0.2287460440272346,0.1684458097741598,0.05232475265810932,52,0.42866211098554147,False,False
naive,FunctionAnalytic,conj_Q2,crt2_plus_core3,crt2_plus_core3_total,0.1281161992663582,0.3381026441281893,-0.5345649832248928,0.7907973817576092,0.06662705935190288,0.7047421205542768,0.004439165037882109,52,0.7589530529046057,False,False
naive,FunctionAnalytic,conj_Q2,crt2_plus_core4,crt2_plus_core4_total,0.15224691358024742,0.31222729834834406,-0.4597185911825069,0.7642124183430018,0.08491299869222531,0.6258221161207399,0.007210217346905856,52,0.6859837756756372,False,False
naive,FunctionAnalytic,i_Q1,crt2_total,crt2_total,-0.21616023936170234,0.24054468673591758,-0.6876278253641008,0.2553073466406961,-0.13766029355011355,0.36885073168825966,0.019329239972860734,51,0.7086900429744846,False,False
naive,FunctionAnalytic,i_Q1,bcrt_core3,bcrt_core3_total,0.06348130841121523,0.2191772691223532,-0.366106139068597,0.4930687558910275,0.03807205438425836,0.7720958368537488,0.0014232201339727801,51,0.8269494821834831,False,False
naive,FunctionAnalytic,i_Q1,bcrt_core4,bcrt_core4_total,0.05867415048543695,0.1832280880723936,-0.3004529021364545,0.4178012031073284,0.03981984253874104,0.7487980377959311,0.0015605085214619452,51,0.7487980377959312,False,False
naive,FunctionAnalytic,i_Q1,crt2_plus_core3,crt2_plus_core3_total,-0.05951502565355409,0.13329320613447493,-0.320769709677125,0.20173965837001678,-0.06291535721249486,0.6552382304322669,0.003987588284321664,51,0.7589530529046057,False,False
naive,FunctionAnalytic,i_Q1,crt2_plus_core4,crt2_plus_core4_total,-0.04854622741764067,0.11853004603084971,-0.28086511763810607,0.18377266280282475,-0.05503824906882283,0.6821221722460018,0.0030499022215023652,51,0.6859837756756372,False,False
naive,FunctionAnalytic,i_Q2,crt2_total,crt2_total,-0.4114411477013376,0.42155902214690977,-1.2376968311092806,0.4148145357066055,-0.12979857528559371,0.32906500262407656,0.016847670146170057,52,0.7086900429744846,False,False
naive,FunctionAnalytic,i_Q2,bcrt_core3,bcrt_core3_total,-0.6255735294117656,0.5460886980931785,-1.6959073776743954,0.4447603188508643,-0.18585238147926242,0.2519801666752516,0.034541107701513085,52,0.4409652916816903,False,False
naive,FunctionAnalytic,i_Q2,bcrt_core4,bcrt_core4_total,-0.5076399655469424,0.46536418230717014,-1.4197537628689958,0.4044738317751111,-0.170662403615377,0.27534130531434675,0.029125656007777723,52,0.4818472843001068,False,False
naive,FunctionAnalytic,i_Q2,crt2_plus_core3,crt2_plus_core3_total,-0.3506626434741457,0.2818982407013671,-0.9031831952488252,0.2018579083005338,-0.18363221299535248,0.21352406707312876,0.03372078964957037,52,0.37819333611970707,False,False
naive,FunctionAnalytic,i_Q2,crt2_plus_core4,crt2_plus_core4_total,-0.31172839506172817,0.2571010169287752,-0.8156463882421274,0.19218959811867115,-0.17507124121583545,0.22533084547635973,0.03064993950085293,52,0.42898351398287815,False,False
naive,FunctionAnalytic,ipron_Q1,crt2_total,crt2_total,0.07735372340425511,0.3237593345912439,-0.5572145723945829,0.7119220192030931,0.033993850617162764,0.8111648788172457,0.0011786859817927153,51,0.8194464089547523,False,False
naive,FunctionAnalytic,ipron_Q1,bcrt_core3,bcrt_core3_total,0.26710280373831774,0.40421973174697023,-0.5251678704857439,1.0593734779623794,0.11054144800687203,0.5087494606304872,0.011998024738511193,51,0.6474993135297109,False,False
naive,FunctionAnalytic,ipron_Q1,bcrt_core4,bcrt_core4_total,0.1665837378640777,0.32350376412564824,-0.4674836398221928,0.8006511155503482,0.07801382833607758,0.6065977356191978,0.005989771410264688,51,0.7169637077376996,False,False
naive,FunctionAnalytic,ipron_Q1,crt2_plus_core3,crt2_plus_core3_total,0.11221597849987841,0.2356194943323071,-0.3495982303914435,0.5740301873912004,0.08185986084422056,0.6338896480059232,0.006750547258670414,51,0.7589530529046057,False,False
naive,FunctionAnalytic,ipron_Q1,crt2_plus_core4,crt2_plus_core4_total,0.08307545164718386,0.20547395065323734,-0.31965349163316137,0.485804394927529,0.06499322596995376,0.6859837756756373,0.004252975546427673,51,0.6859837756756372,False,False
naive,FunctionAnalytic,ipron_Q2,crt2_total,crt2_total,0.7536811216172156,0.3423444159559557,0.08268606634354236,1.4246761768908889,0.29529917817676715,0.027698603883608872,0.08720160463187454,52,0.36676413487779036,True,False
naive,FunctionAnalytic,ipron_Q2,bcrt_core3,bcrt_core3_total,0.36197058823529443,0.40627695757754484,-0.43433224861669345,1.1582734250872824,0.13355970428198616,0.37295846026484003,0.01783819460789149,52,0.522141844370776,False,False
naive,FunctionAnalytic,ipron_Q2,bcrt_core4,bcrt_core4_total,0.26996841803043303,0.3401058520765035,-0.3966390520395139,0.93657588810038,0.11272166942289098,0.4273248963700679,0.01270617475748359,52,0.598254854918095,False,False
naive,FunctionAnalytic,ipron_Q2,crt2_plus_core3,crt2_plus_core3_total,0.3900248491302802,0.19038211262151739,0.01687590839210612,0.7631737898684543,0.25366704022712183,0.04049710514160569,0.06434696729758815,52,0.2834797359912398,True,False
naive,FunctionAnalytic,ipron_Q2,crt2_plus_core4,crt2_plus_core4_total,0.3345514403292186,0.16574758054070063,0.009686182469445359,0.6594166981889917,0.2333531940175066,0.04354552368331824,0.0544537131581716,52,0.20321244385548512,True,False
naive,FunctionAnalytic,prep_Q1,crt2_total,crt2_total,-0.5494946808510643,0.34868521303936056,-1.232917698408211,0.1339283367060824,-0.17932040577585837,0.11504775788471118,0.03279871439717197,51,0.4026671525964891,False,False
naive,FunctionAnalytic,prep_Q1,bcrt_core3,bcrt_core3_total,-0.5762850467289713,0.3934250869974939,-1.3473982172440593,0.1948281237861167,-0.17710512750987584,0.14297828098576124,0.030797943974606556,51,0.4409652916816903,False,False
naive,FunctionAnalytic,prep_Q1,bcrt_core4,bcrt_core4_total,-0.6737621359223303,0.3324483574889161,-1.325360916600606,-0.02216335524405466,-0.2343109960742685,0.04269647316375355,0.05403216983470849,51,0.23330389025274914,True,False
naive,FunctionAnalytic,prep_Q1,crt2_plus_core3,crt2_plus_core3_total,-0.382699731248472,0.21369596633298782,-0.8015438252611281,0.03614436276418409,-0.20731061512636442,0.07331563405531388,0.0432952307293325,51,0.3421396255914648,False,False
naive,FunctionAnalytic,prep_Q1,crt2_plus_core4,crt2_plus_core4_total,-0.41164718384697135,0.192050555773548,-0.7880662731631254,-0.03522809453081732,-0.23914847361969765,0.03207847725603309,0.057582686703937735,51,0.20321244385548512,True,False
naive,FunctionAnalytic,prep_Q2,crt2_total,crt2_total,0.3754157156830775,0.45079523555254675,-0.508142945999914,1.258974377366069,0.10782407996302304,0.4049657388425626,0.011626032219872462,52,0.7086900429744846,False,False
naive,FunctionAnalytic,prep_Q2,bcrt_core3,bcrt_core3_total,0.7369117647058832,0.5439585097930254,-0.3292469144884467,1.803070443900213,0.199317929006846,0.17550661201302376,0.03972763682357838,52,0.4409652916816903,False,False
naive,FunctionAnalytic,prep_Q2,bcrt_core4,bcrt_core4_total,0.5622853861613545,0.45281911340632325,-0.325240076115039,1.4498108484377479,0.17209963827568467,0.21433105549277076,0.029618285494621532,52,0.42866211098554147,False,False
naive,FunctionAnalytic,prep_Q2,crt2_plus_core3,crt2_plus_core3_total,0.3734232635191092,0.2886208890895034,-0.19227367909631748,0.9391202061345358,0.17803354720092077,0.19572786031720768,0.031695943928942705,52,0.37819333611970707,False,False
naive,FunctionAnalytic,prep_Q2,crt2_plus_core4,crt2_plus_core4_total,0.3199423868312765,0.2593720888203011,-0.18842690725651368,0.8283116809190667,0.16358796007766116,0.21737933584346414,0.026761020682370407,52,0.42898351398287815,False,False
naive,CognitiveComplexity,cause_Q1,crt2_total,crt2_total,-0.11613364361702139,0.19967108961804275,-0.5074889792683852,0.2752216920343424,-0.08667386526644334,0.560819481518759,0.007662557110310275,51,0.6592819378700064,False,False
naive,CognitiveComplexity,cause_Q1,bcrt_core3,bcrt_core3_total,-0.16526869158878488,0.192573857060925,-0.5427134514281979,0.21217606825062812,-0.1161577699111412,0.39077685425634434,0.013248172847594386,51,0.7815537085126887,False,False
naive,CognitiveComplexity,cause_Q1,bcrt_core4,bcrt_core4_total,-0.17019114077669906,0.15536295872073932,-0.47470253986934813,0.13432025831595001,-0.13535892954776302,0.2733229562170154,0.018031875089445593,51,0.6559750949208369,False,False
naive,CognitiveComplexity,cause_Q1,crt2_plus_core3,crt2_plus_core3_total,-0.09451991204495463,0.1075487748345413,-0.30531551072065555,0.1162756866307463,-0.11709829842700836,0.3794792272016838,0.013813322345017642,51,0.5692188408025257,False,False
naive,CognitiveComplexity,cause_Q1,crt2_plus_core4,crt2_plus_core4_total,-0.09673538788522845,0.09587964985426961,-0.28465950159959685,0.09118872582913998,-0.1285262198612366,0.3130105436956542,0.016631834961606806,51,0.5365895034782643,False,False
naive,CognitiveComplexity,cause_Q2,crt2_total,crt2_total,-0.20980762960547786,0.200705952539966,-0.6031912965838112,0.18357603737285552,-0.15286454743345435,0.29586201436922666,0.023367569862034587,52,0.5917240287384533,False,False
naive,CognitiveComplexity,cause_Q2,bcrt_core3,bcrt_core3_total,0.08254411764705885,0.2007196882623997,-0.31086647134724454,0.4759547066413622,0.05663686307816903,0.6808960013934267,0.003207734259335293,52,0.8708119060296099,False,False
naive,CognitiveComplexity,cause_Q2,bcrt_core4,bcrt_core4_total,0.12608670686190046,0.16484425313776588,-0.19700802928812064,0.44918144301192153,0.0978981869638987,0.4443407120308518,0.009584055010818493,52,0.686368645813336,False,False
naive,CognitiveComplexity,cause_Q2,crt2_plus_core3,crt2_plus_core3_total,-0.04957519820139655,0.11860801887437553,-0.28204691519517255,0.18289651879237948,-0.059957997512171804,0.67596532479881,0.0035949614656692885,52,0.7374167179623382,False,False
naive,CognitiveComplexity,cause_Q2,crt2_plus_core4,crt2_plus_core4_total,-0.02102057613168718,0.10676000933806164,-0.23027019443428798,0.18822904217091363,-0.02726505368742313,0.8439092367020258,0.0007433831525778256,52,0.9206282582203916,False,False
naive,CognitiveComplexity,certitude_Q1,crt2_total,crt2_total,-0.055501994680851104,0.0989412188454162,-0.24942678361786685,0.13842279425616466,-0.05482037361697265,0.5748252981195767,0.0030653592332959834,51,0.6592819378700064,False,False
naive,CognitiveComplexity,certitude_Q1,bcrt_core3,bcrt_core3_total,-0.13056074766355133,0.21049053843133597,-0.5431222029889698,0.28200070766186713,-0.12144330899600986,0.5350807261261482,0.014481269593525914,51,0.8708119060296099,False,False
naive,CognitiveComplexity,certitude_Q1,bcrt_core4,bcrt_core4_total,-0.1420266990291262,0.17250461145850896,-0.4801357374878038,0.19608233942955136,-0.1494938209106428,0.41032537635671085,0.02199447257907261,51,0.686368645813336,False,False
naive,CognitiveComplexity,certitude_Q1,crt2_plus_core3,crt2_plus_core3_total,-0.06135230881993637,0.08625816503567033,-0.23041831228985019,0.10771369464997746,-0.10059154376500896,0.4769207897480654,0.010193420131032416,51,0.5806848198189152,False,False
naive,CognitiveComplexity,certitude_Q1,crt2_plus_core4,crt2_plus_core4_total,-0.06748884165781081,0.07818893924356,-0.22073916257518844,0.0857614792595668,-0.11867018468903458,0.38805458717061136,0.014178814944576734,51,0.5583471891975428,False,False
naive,CognitiveComplexity,certitude_Q2,crt2_total,crt2_total,0.23157482882295408,0.09750920450675786,0.04045678798970867,0.42269286965619945,0.2712189508481802,0.01755359831113473,0.07355971929918748,52,0.21064317973361674,True,False
naive,CognitiveComplexity,certitude_Q2,bcrt_core3,bcrt_core3_total,0.019676470588235302,0.15116345698726555,-0.27660390510680516,0.31595684628327575,0.021702184171158892,0.8964344235862667,0.0004709847977988346,52,0.9779284620941091,False,False
naive,CognitiveComplexity,certitude_Q2,bcrt_core4,bcrt_core4_total,-0.010324432960091915,0.12597710532328385,-0.2572395593937282,0.23659069347354442,-0.012885899438809339,0.9346826285266161,0.00016604640434692008,52,0.9346826285266161,False,False
naive,CognitiveComplexity,certitude_Q2,crt2_plus_core3,crt2_plus_core3_total,0.09037510353804279,0.06438946071166336,-0.0358282394568174,0.21657844653290298,0.17570116886211765,0.160446988503113,0.03087090073951415,52,0.5419245156018075,False,False
naive,CognitiveComplexity,certitude_Q2,crt2_plus_core4,crt2_plus_core4_total,0.06937037037037043,0.05909995048637433,-0.046465532582923255,0.18520627332366413,0.14463684426387524,0.24048295020263222,0.020919816718612094,52,0.5055563668192133,False,False
naive,CognitiveComplexity,differ_Q1,crt2_total,crt2_total,-0.30280252659574464,0.34753545391361274,-0.9839720162664256,0.3783669630749363,-0.1288824372443519,0.3835984036771628,0.016942787963880157,51,0.6575972634465648,False,False
naive,CognitiveComplexity,differ_Q1,bcrt_core3,bcrt_core3_total,-0.13996495327102781,0.3988942162301862,-0.9217976170821929,0.6418677105401371,-0.05610235773978687,0.7256765883580083,0.0030904497110486595,51,0.8708119060296099,False,False
naive,CognitiveComplexity,differ_Q1,bcrt_core4,bcrt_core4_total,-0.18279429611650477,0.323445649466133,-0.8167477690701255,0.4511591768371159,-0.082911874672658,0.5719738715111133,0.006765509956988991,51,0.686368645813336,False,False
naive,CognitiveComplexity,differ_Q1,crt2_plus_core3,crt2_plus_core3_total,-0.15517468849254776,0.2216663177661448,-0.5896406713141915,0.27929129432909605,-0.10963577495400295,0.48390401651576265,0.012108812639371913,51,0.5806848198189152,False,False
naive,CognitiveComplexity,differ_Q1,crt2_plus_core4,crt2_plus_core4_total,-0.16082040382571722,0.19889393115683376,-0.5506525088931113,0.22901170124167697,-0.12185732447375518,0.41876039189815706,0.014950646558751113,51,0.5583471891975428,False,False
naive,CognitiveComplexity,differ_Q2,crt2_total,crt2_total,0.5931203130094553,0.3699168700280018,-0.1319167522454281,1.3181573782643388,0.2353845145084205,0.1088489933002599,0.05540586967036454,52,0.4353959732010397,False,False
naive,CognitiveComplexity,differ_Q2,bcrt_core3,bcrt_core3_total,0.91389705882353,0.3142823442857454,0.297903664023469,1.529890453623591,0.3415544388820771,0.0036388159069647,0.11665943472005036,52,0.0436657908835764,True,True
naive,CognitiveComplexity,differ_Q2,bcrt_core4,bcrt_core4_total,0.6553028997990232,0.28621426932491,0.09432293192219965,1.2162828676758468,0.27713860666220025,0.02204720959516357,0.07680580730266573,52,0.26456651514196283,True,False
naive,CognitiveComplexity,differ_Q2,crt2_plus_core3,crt2_plus_core3_total,0.509395337829842,0.20572391692524175,0.10617646065636821,0.9126142150033159,0.3355731610060973,0.013282212450692032,0.11260934638762443,52,0.15938654940830438,True,False
naive,CognitiveComplexity,differ_Q2,crt2_plus_core4,crt2_plus_core4_total,0.42196707818930085,0.19365452508254638,0.042404209027509965,0.8015299473510917,0.2981191699366119,0.029334020572267215,0.08887503948369435,52,0.35200824686720655,True,False
naive,CognitiveComplexity,discrep_Q1,crt2_total,crt2_total,0.18751329787234042,0.3082449843414953,-0.4166468714369903,0.7916734671816711,0.09698495448261867,0.5429715823519902,0.00959414168657391,51,0.6592819378700064,False,False
naive,CognitiveComplexity,discrep_Q1,bcrt_core3,bcrt_core3_total,0.3880957943925233,0.3040011667708372,-0.20774649247831767,0.9839380812633642,0.18903350843788483,0.20173431713676993,0.0350862573398536,51,0.6429801268596259,False,False
naive,CognitiveComplexity,discrep_Q1,bcrt_core4,bcrt_core4_total,0.1723574029126214,0.2742259154036886,-0.3651253912786083,0.709840197103851,0.09499966745462841,0.5296611267937298,0.008882009594325835,51,0.686368645813336,False,False
naive,CognitiveComplexity,discrep_Q1,crt2_plus_core3,crt2_plus_core3_total,0.19065111165404391,0.1757234582543072,-0.1537668665243982,0.535069089832486,0.1636849684715226,0.27794393809998974,0.026990726599693593,51,0.5523291380496468,False,False
naive,CognitiveComplexity,discrep_Q1,crt2_plus_core4,crt2_plus_core4_total,0.12031137088204041,0.1682885962582023,-0.2095342777840361,0.45015701954811693,0.11077843211865279,0.4746640312585574,0.012355693488912411,51,0.5695968375102689,False,False
naive,CognitiveComplexity,discrep_Q2,crt2_total,crt2_total,-0.3007303553961529,0.24751338970246461,-0.7858565992129836,0.18439588842067772,-0.15814392273165748,0.22436364607626913,0.025009500296957032,52,0.5384727505830459,False,False
naive,CognitiveComplexity,discrep_Q2,bcrt_core3,bcrt_core3_total,-0.10736764705882387,0.282538151593082,-0.6611424241812646,0.4464071300636169,-0.053171172768598944,0.7039371406628345,0.0028271736135884185,52,0.8708119060296099,False,False
naive,CognitiveComplexity,discrep_Q2,bcrt_core4,bcrt_core4_total,-0.18284811943726711,0.2509902304767866,-0.6747889711717688,0.30909273229723455,-0.10246736941299785,0.4663033349358868,0.010499561794419798,52,0.686368645813336,False,False
naive,CognitiveComplexity,discrep_Q2,crt2_plus_core3,crt2_plus_core3_total,-0.1436966039521954,0.14515344762249194,-0.4281973612922796,0.14080415338788876,-0.12543504989457882,0.3221919971956273,0.015733951742055607,52,0.5523291380496468,False,False
naive,CognitiveComplexity,discrep_Q2,crt2_plus_core4,crt2_plus_core4_total,-0.16041152263374472,0.14026554387312493,-0.4353319886250696,0.11450894335758013,-0.15017133628839247,0.25277818340960667,0.022551430242641834,52,0.5055563668192133,False,False
naive,CognitiveComplexity,insight_Q1,crt2_total,crt2_total,-0.13601063829787258,0.3386964173978543,-0.7998556163976669,0.5278343398019218,-0.06896805113310726,0.6879998210187199,0.004851692900759708,51,0.6879998210187198,False,False
naive,CognitiveComplexity,insight_Q1,bcrt_core3,bcrt_core3_total,-0.009556074766355128,0.3697649535523931,-0.7342953837290456,0.7151832341963353,-0.0045633331748310925,0.9793820485493271,2.0446727607037474e-05,51,0.9793820485493271,False,False
naive,CognitiveComplexity,insight_Q1,bcrt_core4,bcrt_core4_total,0.10266686893203882,0.31700640657680906,-0.518665687958507,0.7239994258225846,0.05547856791077219,0.7460412244304782,0.003029127486003813,51,0.813863153924158,False,False
naive,CognitiveComplexity,insight_Q1,crt2_plus_core3,crt2_plus_core3_total,-0.05297581236256978,0.224065371430962,-0.4921439403672553,0.38619231564211576,-0.04459127222868281,0.8130988926034142,0.0020030726658875064,51,0.8130988926034141,False,False
naive,CognitiveComplexity,insight_Q1,crt2_plus_core4,crt2_plus_core4_total,-0.007516471838469729,0.20349011743693704,-0.4063571020148663,0.3913241583379269,-0.006785242199574789,0.9705346215022171,4.635402030517266e-05,51,0.9705346215022171,False,False
naive,CognitiveComplexity,insight_Q2,crt2_total,crt2_total,-0.6593185523312689,0.37782574807248226,-1.399857018553334,0.0812199138907963,-0.29954456597033724,0.08097905404878808,0.08972694700235762,52,0.4353959732010397,False,False
naive,CognitiveComplexity,insight_Q2,bcrt_core3,bcrt_core3_total,-0.5127794117647065,0.3582319769169967,-1.21491408652202,0.18935526299260697,-0.2193937709809646,0.1523106830580725,0.048133626745247904,52,0.6429801268596259,False,False
naive,CognitiveComplexity,insight_Q2,bcrt_core4,bcrt_core4_total,-0.4394114269308068,0.29829669205988396,-1.0240729433681794,0.1452500895065657,-0.2127440119388681,0.14073259670209873,0.04526001461584539,52,0.6559750949208369,False,False
naive,CognitiveComplexity,insight_Q2,crt2_plus_core3,crt2_plus_core3_total,-0.4043178322092066,0.2248492747468462,-0.8450224107130251,0.03638674629461197,-0.3049202084768412,0.0721496410010343,0.09297633353755985,52,0.4328978460062058,False,False
naive,CognitiveComplexity,insight_Q2,crt2_plus_core4,crt2_plus_core4_total,-0.36549382716049383,0.20311792245843502,-0.7636049551790265,0.03261730085803882,-0.2956122589194128,0.07195275449828342,0.08738660762343797,52,0.43171652698970053,False,False
naive,CognitiveComplexity,tentat_Q1,crt2_total,crt2_total,-0.16076795212765962,0.3102628317735458,-0.7688831024038093,0.4473471981484901,-0.06711711243006235,0.6043417763808392,0.004594771541239107,51,0.6592819378700064,False,False
naive,CognitiveComplexity,tentat_Q1,bcrt_core3,bcrt_core3_total,-0.4811098130841116,0.4111194820496941,-1.2869039979015122,0.3246843717332889,-0.18914965919408785,0.2419030784168349,0.03512938776026553,51,0.6429801268596259,False,False
naive,CognitiveComplexity,tentat_Q1,bcrt_core4,bcrt_core4_total,-0.43449635922330093,0.3514961071612072,-1.123428729259267,0.25443601081266515,-0.19330352551169136,0.21640868423019943,0.03677448653421711,51,0.6559750949208369,False,False
naive,CognitiveComplexity,tentat_Q1,crt2_plus_core3,crt2_plus_core3_total,-0.21000244319569966,0.17477790616010255,-0.5525671392695006,0.13256225287810136,-0.1455309264817755,0.22954224834223225,0.0213357329203685,51,0.5509013960213573,False,False
naive,CognitiveComplexity,tentat_Q1,crt2_plus_core4,crt2_plus_core4_total,-0.20358023379383627,0.1597678646573446,-0.5167252485222317,0.10956478093455913,-0.15130233735287543,0.20258362896639404,0.023048781566215815,51,0.5055563668192133,False,False
naive,CognitiveComplexity,tentat_Q2,crt2_total,crt2_total,0.5159080534724486,0.4146128452106338,-0.2967331231403936,1.3285492300852908,0.21702016562497345,0.2133844768867812,0.047097752287890815,52,0.5384727505830459,False,False
naive,CognitiveComplexity,tentat_Q2,bcrt_core3,bcrt_core3_total,0.46136764705882405,0.4164373196495434,-0.354849499454281,1.2775847935719291,0.18276897827088173,0.2679083861915108,0.03340449941818202,52,0.6429801268596259,False,False
naive,CognitiveComplexity,tentat_Q2,bcrt_core4,bcrt_core4_total,0.3958397932816532,0.33514957998084904,-0.26105338348081086,1.0527329700441173,0.17744635534249187,0.23756937106376252,0.03148720902433422,52,0.6559750949208369,False,False
naive,CognitiveComplexity,tentat_Q2,crt2_plus_core3,crt2_plus_core3_total,0.33572476629984577,0.25076872339669,-0.15578193155766662,0.8272314641573582,0.23442737590516585,0.18064150520060251,0.05495619457378187,52,0.5419245156018075,False,False
naive,CognitiveComplexity,tentat_Q2,crt2_plus_core4,crt2_plus_core4_total,0.30462962962962997,0.22169989014529773,-0.12990215505515357,0.7391614143144135,0.2281267272946612,0.16942210598756868,0.05204180370617273,52,0.5055563668192133,False,False
naive,ToneAffect,emo_neg_Q1,crt2_total,crt2_total,-0.13119015957446817,0.15901028500651926,-0.4428503181872459,0.18046999903830957,-0.14044864432153964,0.4093477605550274,0.020120209492912267,51,0.45375658321909806,False,False
naive,ToneAffect,emo_neg_Q1,bcrt_core3,bcrt_core3_total,-0.11460280373831766,0.15975242303030324,-0.427717552877712,0.1985119454010767,-0.11554179172784344,0.4731411607722412,0.01310803675710459,51,0.6308548810296549,False,False
naive,ToneAffect,emo_neg_Q1,bcrt_core4,bcrt_core4_total,-0.06922936893203878,0.14028947336536296,-0.3441967367281502,0.20573799886407262,-0.07898170654295232,0.6216768940810273,0.006139317506232422,51,0.8289025254413698,False,False
naive,ToneAffect,emo_neg_Q1,crt2_plus_core3,crt2_plus_core3_total,-0.0841583190813583,0.09646091502977433,-0.273221712539716,0.10490507437699938,-0.1495582954237609,0.3829573157200048,0.022532946796219533,51,0.43000790801414934,False,False
naive,ToneAffect,emo_neg_Q1,crt2_plus_core4,crt2_plus_core4_total,-0.06618490967056319,0.08884352716770089,-0.24031822291925692,0.10794840357813056,-0.12613961936745857,0.4562956587143365,0.01601989739282228,51,0.5973361175201746,False,False
naive,ToneAffect,emo_neg_Q2,crt2_total,crt2_total,-0.15111835670035875,0.1698399565380075,-0.4840046715148535,0.18176795811413596,-0.16540820379908783,0.37358984554172436,0.027359873884040375,52,0.45375658321909806,False,False
naive,ToneAffect,emo_neg_Q2,bcrt_core3,bcrt_core3_total,-0.03386764705882357,0.13125987591032126,-0.29113700384305324,0.22340170972540613,-0.03491020608240228,0.7963916255336607,0.0012187224887159065,52,0.7963916255336607,False,False
naive,ToneAffect,emo_neg_Q2,bcrt_core4,bcrt_core4_total,0.016973873097904036,0.11258049535560749,-0.20368389779908663,0.23763164399489473,0.019798880001057048,0.8801563687413342,0.00039199564929581765,52,0.8801563687413342,False,False
naive,ToneAffect,emo_neg_Q2,crt2_plus_core3,crt2_plus_core3_total,-0.06574369897053609,0.08330654039810315,-0.22902451815081826,0.09753712020974609,-0.11945136626217401,0.43000790801414934,0.014268628901900171,52,0.43000790801414934,False,False
naive,ToneAffect,emo_neg_Q2,crt2_plus_core4,crt2_plus_core4_total,-0.04160082304526744,0.07875435965650891,-0.1959593679720249,0.11275772188149003,-0.08106212618296102,0.5973361175201746,0.006571068301302274,52,0.5973361175201746,False,False
naive,ToneAffect,emo_pos_Q1,crt2_total,crt2_total,0.17813164893617028,0.07683782796325164,0.027529506128197073,0.3287337917441435,0.3047660465702398,0.02043407392125778,0.09473938431631879,51,0.08173629568503112,True,False
naive,ToneAffect,emo_pos_Q1,bcrt_core3,bcrt_core3_total,0.1164135514018691,0.0830281018986405,-0.04632152831946629,0.2791486311232045,0.1875670705861675,0.16088592746861496,0.034544001671910074,51,0.6308548810296549,False,False
naive,ToneAffect,emo_pos_Q1,bcrt_core4,bcrt_core4_total,0.11722087378640782,0.07590408324315728,-0.03155112937018047,0.2659928769429961,0.21372252521364973,0.12250866072444536,0.04495392965595035,51,0.4900346428977814,False,False
naive,ToneAffect,emo_pos_Q1,crt2_plus_core3,crt2_plus_core3_total,0.10197532372343034,0.04576155607047285,0.012282673825303542,0.19166797362155713,0.2896127975888044,0.02585345683766515,0.0844952850758588,51,0.1034138273506606,True,False
naive,ToneAffect,emo_pos_Q1,crt2_plus_core4,crt2_plus_core4_total,0.098,0.045730808951897364,0.008367614454281178,0.18763238554571882,0.29848864427943456,0.03211507129405261,0.08970410648997995,51,0.12846028517621044,True,False
naive,ToneAffect,emo_pos_Q2,crt2_total,crt2_total,-0.0474991848712097,0.06340266948755448,-0.17176841706681648,0.07677004732439707,-0.08944103136887699,0.45375658321909806,0.007999698092328256,52,0.45375658321909806,False,False
naive,ToneAffect,emo_pos_Q2,bcrt_core3,bcrt_core3_total,-0.03480882352941179,0.04746896199611552,-0.1278479890417982,0.05823034198297463,-0.06172591706456586,0.4633776113497201,0.0038100888374619224,52,0.6308548810296549,False,False
naive,ToneAffect,emo_pos_Q2,bcrt_core4,bcrt_core4_total,-0.04346827447602641,0.0432813280625837,-0.12829967747869048,0.041363128526637656,-0.08722538432560038,0.3152247185519931,0.007608267670748958,52,0.6304494371039862,False,False
naive,ToneAffect,emo_pos_Q2,crt2_plus_core3,crt2_plus_core3_total,-0.028441604543840985,0.033474095316354285,-0.09405083136389537,0.03716762227621341,-0.08890002809745907,0.3955140649088853,0.00790321499572888,52,0.43000790801414934,False,False
naive,ToneAffect,emo_pos_Q2,crt2_plus_core4,crt2_plus_core4_total,-0.030563786008230447,0.03157212300467107,-0.09244514709738574,0.03131757508092485,-0.10245520733514407,0.33301319341869307,0.010497069510087775,52,0.5973361175201746,False,False
naive,TimeFocus,focuspast_Q1,crt2_total,crt2_total,0.22218749999999973,0.42834367817040525,-0.6173661092139945,1.061741109213994,0.07037786673779386,0.6039607878823106,0.005052072710142852,51,0.6039607878823106,False,False
naive,TimeFocus,focuspast_Q1,bcrt_core3,bcrt_core3_total,-0.3596845794392523,0.4772369745910275,-1.2950690496376662,0.5756998907591615,-0.10729163392229443,0.4510406182393619,0.011302933511445623,51,0.6013874909858159,False,False
naive,TimeFocus,focuspast_Q1,bcrt_core4,bcrt_core4_total,-0.15609830097087385,0.41169363921458285,-0.9630178338314562,0.6508212318897085,-0.05269076469220556,0.7045680778511605,0.002732348372542548,51,0.7045680778511605,False,False
naive,TimeFocus,focuspast_Q1,crt2_plus_core3,crt2_plus_core3_total,-0.031191057903737517,0.22851593088568709,-0.47908228243968415,0.41670016663220916,-0.01639999606854767,0.8914307521314906,0.0002709470742605635,51,0.8914307521314906,False,False
naive,TimeFocus,focuspast_Q1,crt2_plus_core4,crt2_plus_core4_total,0.01634856535600414,0.2296894050252849,-0.43384266849355424,0.46653979920556254,0.00921875702117606,0.9432570159997273,8.55660402683256e-05,51,0.9432570159997273,False,False
naive,TimeFocus,focuspast_Q2,crt2_total,crt2_total,0.2540886860123899,0.34072607025196205,-0.41373441168145575,0.9219117837062355,0.1218165006746458,0.4558322465649748,0.014839259836615826,52,0.6039607878823106,False,False
naive,TimeFocus,focuspast_Q2,bcrt_core3,bcrt_core3_total,0.07258823529411775,0.25860954135266706,-0.4342864657571097,0.5794629363453452,0.03277287901353918,0.7789507802698615,0.0010740615988363844,52,0.7789507802698615,False,False
naive,TimeFocus,focuspast_Q2,bcrt_core4,bcrt_core4_total,0.11333620442147546,0.21960780646911013,-0.3170950962579804,0.5437675051009313,0.057904098672518334,0.6057953313417731,0.0033528846430763704,52,0.7045680778511605,False,False
naive,TimeFocus,focuspast_Q2,crt2_plus_core3,crt2_plus_core3_total,0.11557567151816331,0.1549189700477102,-0.18806550977534872,0.4192168528116753,0.0919780886948625,0.4556435520501292,0.008459968799959694,52,0.6075247360668389,False,False
naive,TimeFocus,focuspast_Q2,crt2_plus_core4,crt2_plus_core4_total,0.12078600823045293,0.16215450224355188,-0.19703681616690877,0.43860883262781464,0.10308931780009732,0.4563429148057284,0.010627407444489423,52,0.6084572197409712,False,False
naive,TimeFocus,focuspresent_Q1,crt2_total,crt2_total,0.3906815159574469,0.3270441754967661,-0.25032506801621474,1.0316880999311084,0.1646629839878577,0.23224987057351554,0.027655999451147828,51,0.6039607878823106,False,False
naive,TimeFocus,focuspresent_Q1,bcrt_core3,bcrt_core3_total,0.742231308411215,0.35017850423296226,0.05588144011460894,1.4285811767078211,0.29460488966329895,0.03404149158679573,0.08521957344692621,51,0.13616596634718292,True,False
naive,TimeFocus,focuspresent_Q1,bcrt_core4,bcrt_core4_total,0.8213440533980585,0.33147433192084413,0.171654362833204,1.4710337439629129,0.368908008683587,0.013217627550863047,0.13393782273625876,51,0.05287051020345219,True,False
naive,TimeFocus,focuspresent_Q1,crt2_plus_core3,crt2_plus_core3_total,0.37640117273393653,0.19855261482757366,-0.01276195232810784,0.7655642977959809,0.26334267807583006,0.057996406412668,0.06986175213555856,51,0.231985625650672,False,False
naive,TimeFocus,focuspresent_Q1,crt2_plus_core4,crt2_plus_core4_total,0.4125738575982997,0.1966526678173116,0.0271346286763689,0.7980130865202304,0.309564440263124,0.03590669043106494,0.09648478480233946,51,0.14362676172425975,True,False
naive,TimeFocus,focuspresent_Q2,crt2_total,crt2_total,0.1860580371698726,0.349640366910284,-0.49923708197428407,0.8713531563140292,0.07980209367075927,0.5946282184792941,0.006368374154236411,52,0.6039607878823106,False,False
naive,TimeFocus,focuspresent_Q2,bcrt_core3,bcrt_core3_total,0.4348676470588237,0.34018585882534036,-0.23189663623884343,1.1016319303564908,0.17565095409529413,0.20113531329864287,0.030853257674586798,52,0.40227062659728574,False,False
naive,TimeFocus,focuspresent_Q2,bcrt_core4,bcrt_core4_total,0.4495894343956356,0.2927518396096016,-0.12420417123918359,1.0233830400304549,0.20549525408015093,0.12460322972406729,0.04222829944946571,52,0.24920645944813458,False,False
naive,TimeFocus,focuspresent_Q2,crt2_plus_core3,crt2_plus_core3_total,0.20748787125783902,0.21235055127821367,-0.2087192092474598,0.6236949517631378,0.14772558837890248,0.32851930368552373,0.021822849461892724,52,0.6075247360668389,False,False
naive,TimeFocus,focuspresent_Q2,crt2_plus_core4,crt2_plus_core4_total,0.2198106995884776,0.19631280740662668,-0.16496240292851067,0.6045838021054659,0.1678382426074112,0.26284325551256216,0.02816967568154405,52,0.5256865110251243,False,False
naive,Motivation,risk_Q1,crt2_total,crt2_total,-0.04470412234042554,0.08238465872650134,-0.20617805344436815,0.11676980876351709,-0.07834779024430631,0.5873867945069873,0.006261103732351669,51,0.8632280794140709,False,False
naive,Motivation,risk_Q1,bcrt_core3,bcrt_core3_total,-0.08023364485981306,0.07186709020627033,-0.22109314166410288,0.06062585194447677,-0.13242295193564918,0.26424365850825327,0.017218130071975035,51,0.35232487801100437,False,False
naive,Motivation,risk_Q1,bcrt_core4,bcrt_core4_total,-0.029966626213592255,0.06650350698534714,-0.16031349990487265,0.10038024747768814,-0.0559676251372308,0.6522762844616826,0.003082767883340054,51,0.6522762844616826,False,False
naive,Motivation,risk_Q1,crt2_plus_core3,crt2_plus_core3_total,-0.041596628389934,0.03967149265910822,-0.11935275400178612,0.03615949722191812,-0.1210136811897048,0.29439590170829866,0.014752510157203025,51,0.3968585809764457,False,False
naive,Motivation,risk_Q1,crt2_plus_core4,crt2_plus_core4_total,-0.02478639744952179,0.040137858621980174,-0.10345660034860293,0.05388380544955935,-0.07733370773880308,0.5368841219405255,0.006021356813146639,51,0.6250289816700203,False,False
naive,Motivation,risk_Q2,crt2_total,crt2_total,-0.010166286273231238,0.1551463094873189,-0.31425305286837624,0.29392048032191376,-0.011905704092911033,0.9477543375273589,0.00014174578994774478,52,0.9477543375273589,False,False
naive,Motivation,risk_Q2,bcrt_core3,bcrt_core3_total,0.12269117647058833,0.1346548535585997,-0.14123233650426711,0.38661468944544375,0.1353111684545828,0.36221475367227085,0.01830911230854393,52,0.36221475367227085,False,False
naive,Motivation,risk_Q2,bcrt_core4,bcrt_core4_total,0.1231754234855009,0.12074766822758454,-0.1134900062405648,0.35984085321156656,0.1537222253048642,0.30767818111917067,0.023630522552679056,52,0.4102375748255609,False,False
naive,Motivation,risk_Q2,crt2_plus_core3,crt2_plus_core3_total,0.03579931369068741,0.09067307369957048,-0.14191991076047072,0.21351853814184552,0.06959284853317085,0.692977599889214,0.004843164566960767,52,0.692977599889214,False,False
naive,Motivation,risk_Q2,crt2_plus_core4,crt2_plus_core4_total,0.040930041152263424,0.08374681774972424,-0.1232137216371961,0.20507380394172295,0.0853318527366356,0.6250289816700203,0.007281525091466401,52,0.6250289816700203,False,False
naive,Motivation,want_Q1,crt2_total,crt2_total,0.09122007978723408,0.0817429112936578,-0.0689960263483352,0.25143618592280337,0.17820766930064869,0.26444836635704383,0.03239292577081321,51,0.8632280794140709,False,False
naive,Motivation,want_Q1,bcrt_core3,bcrt_core3_total,0.14346962616822426,0.08309962625737631,-0.019405641296233317,0.3063448936326818,0.2639510981773557,0.08426156284073154,0.0684079224568831,51,0.3019583855333737,False,False
naive,Motivation,want_Q1,bcrt_core4,bcrt_core4_total,0.12820388349514567,0.07242484937891562,-0.01374882128752894,0.2701565882778203,0.26690516162315814,0.07669977297374776,0.0701101688526179,51,0.27456486320844126,False,False
naive,Motivation,want_Q1,crt2_plus_core3,crt2_plus_core3_total,0.07852675299291477,0.050016889455402676,-0.019506350339674475,0.17655985632550403,0.25465414263698527,0.1164140110187081,0.06532786558294446,51,0.3968585809764457,False,False
naive,Motivation,want_Q1,crt2_plus_core4,crt2_plus_core4_total,0.07406482465462277,0.04572473828690423,-0.015555662387709515,0.16368531169695505,0.25758714525117604,0.10527574642858879,0.06680440031256751,51,0.42110298571435517,False,False
naive,Motivation,want_Q2,crt2_total,crt2_total,0.02523312683403979,0.055172727285546314,-0.08290541864563099,0.13337167231371055,0.06649938150306477,0.6474210595605532,0.00442216774029025,52,0.8632280794140709,False,False
naive,Motivation,want_Q2,bcrt_core3,bcrt_core3_total,0.08192647058823536,0.05704862769663008,-0.02988883969715958,0.1937417808736303,0.20332854137129355,0.15097919276668684,0.041342495736177653,52,0.3019583855333737,False,False
naive,Motivation,want_Q2,bcrt_core4,bcrt_core4_total,0.06544071202985928,0.044038535139999384,-0.020874816844539512,0.15175624090425807,0.18378683576961205,0.13728243160422063,0.033777601002206614,52,0.27456486320844126,False,False
naive,Motivation,want_Q2,crt2_plus_core3,crt2_plus_core3_total,0.03552597325760265,0.034110418998410906,-0.03133044797928272,0.10238239449448802,0.15541383697602362,0.2976439357323343,0.0241534607236098,52,0.3968585809764457,False,False
naive,Motivation,want_Q2,crt2_plus_core4,crt2_plus_core4_total,0.03141152263374487,0.02950588074568283,-0.026420003627793474,0.08924304889528323,0.14737091114221335,0.28706370043547014,0.021718185450886107,52,0.5741274008709403,False,False
